Track,System,Class,arm_rule,Arm value,Seed,backbone,model_kind,library_round,train_data_unknown,Full macro-Acc,End-window macro-Acc,RMSCD@H,RMSCD 95% CI,Median flips,"Commit (rho, tau_c, e_c)",N_H,Rank by End-window [primary -VLM],Rank by Progress [primary -VLM],Rank by End-window [secondary +VLM],Rank by Progress [secondary +VLM]
roadside,clip__r18mean__seed20260903,system,mean_linear,-,20260903,r18,mean,R1,False,0.321,0.327,5.732,"[5.447, 6.016]",0.0,"(0.00, 10.00, n/a) never commits",1113,41,2,41,2
roadside,clip__r18mean__seed20260904,system,mean_linear,-,20260904,r18,mean,R1,False,0.307,0.297,5.942,"[5.658, 6.207]",0.0,"(0.00, 10.00, n/a) never commits",1113,66,8,66,8
roadside,clip__r18mean__seed20260905,system,mean_linear,-,20260905,r18,mean,R1,False,0.318,0.302,5.757,"[5.473, 6.027]",0.0,"(0.00, 10.00, n/a) never commits",1113,63,3,63,3
roadside,commit__margin0p1__prefix__gru512__seed20260903,system,commit_margin,0.1,20260903,r18,gru512,R1,False,0.289,0.289,6.132,"[5.830, 6.384]",0.0,"(0.99, 0.50, 0.600)",1113,85,17,85,17
roadside,commit__margin0p1__prefix__gru512__seed20260904,system,commit_margin,0.1,20260904,r18,gru512,R1,False,0.306,0.305,5.883,"[5.591, 6.143]",0.0,"(0.99, 0.44, 0.575)",1113,61,5,61,5
roadside,commit__margin0p1__prefix__gru512__seed20260905,system,commit_margin,0.1,20260905,r18,gru512,R1,False,0.296,0.296,5.991,"[5.706, 6.269]",0.0,"(1.00, 0.16, 0.596)",1113,68,10,68,10
roadside,commit__margin0p2__prefix__gru512__seed20260903,system,commit_margin,0.2,20260903,r18,gru512,R1,False,0.286,0.271,6.495,"[6.214, 6.751]",0.0,"(0.91, 1.87, 0.584)",1113,126,63,126,63
roadside,commit__margin0p2__prefix__gru512__seed20260904,system,commit_margin,0.2,20260904,r18,gru512,R1,False,0.296,0.281,6.247,"[5.969, 6.506]",0.0,"(0.90, 1.79, 0.556)",1113,106,28,106,28
roadside,commit__margin0p2__prefix__gru512__seed20260905,system,commit_margin,0.2,20260905,r18,gru512,R1,False,0.294,0.294,6.066,"[5.783, 6.344]",0.0,"(0.99, 0.51, 0.593)",1113,74,13,74,13
roadside,commit__margin0p4__prefix__gru512__seed20260903,system,commit_margin,0.4,20260903,r18,gru512,R1,False,0.204,0.189,7.494,"[7.230, 7.727]",0.0,"(0.62, 4.78, 0.542)",1113,149,132,150,132
roadside,commit__margin0p4__prefix__gru512__seed20260904,system,commit_margin,0.4,20260904,r18,gru512,R1,False,0.225,0.210,7.268,"[7.009, 7.508]",0.0,"(0.62, 4.68, 0.508)",1113,143,127,143,127
roadside,commit__margin0p4__prefix__gru512__seed20260905,system,commit_margin,0.4,20260905,r18,gru512,R1,False,0.285,0.275,6.473,"[6.197, 6.771]",0.0,"(0.89, 2.07, 0.574)",1113,121,60,121,60
roadside,commit__margin0p6__prefix__gru512__seed20260903,system,commit_margin,0.6,20260903,r18,gru512,R1,False,0.140,0.122,8.422,"[8.211, 8.622]",0.0,"(0.35, 7.10, 0.477)",1113,158,141,159,141
roadside,commit__margin0p6__prefix__gru512__seed20260904,system,commit_margin,0.6,20260904,r18,gru512,R1,False,0.143,0.125,8.385,"[8.151, 8.591]",0.0,"(0.33, 7.16, 0.438)",1113,157,140,158,140
roadside,commit__margin0p6__prefix__gru512__seed20260905,system,commit_margin,0.6,20260905,r18,gru512,R1,False,0.240,0.226,7.196,"[6.933, 7.453]",0.0,"(0.69, 4.16, 0.541)",1113,140,123,140,123
roadside,commit__msp0p5__prefix__gru512__seed20260903,system,commit_msp,0.5,20260903,r18,gru512,R1,False,0.271,0.250,6.746,"[6.474, 6.992]",0.0,"(0.82, 2.74, 0.564)",1113,137,93,137,93
roadside,commit__msp0p5__prefix__gru512__seed20260904,system,commit_msp,0.5,20260904,r18,gru512,R1,False,0.271,0.259,6.550,"[6.283, 6.803]",0.0,"(0.80, 2.81, 0.534)",1113,134,72,134,72
roadside,commit__msp0p5__prefix__gru512__seed20260905,system,commit_msp,0.5,20260905,r18,gru512,R1,False,0.289,0.286,6.214,"[5.953, 6.491]",0.0,"(0.97, 0.73, 0.597)",1113,95,24,95,24
roadside,commit__msp0p6__prefix__gru512__seed20260903,system,commit_msp,0.6,20260903,r18,gru512,R1,False,0.203,0.186,7.558,"[7.305, 7.787]",0.0,"(0.60, 4.81, 0.538)",1113,150,134,151,134
roadside,commit__msp0p6__prefix__gru512__seed20260904,system,commit_msp,0.6,20260904,r18,gru512,R1,False,0.226,0.206,7.293,"[7.034, 7.526]",0.0,"(0.62, 4.67, 0.513)",1113,145,128,145,128
roadside,commit__msp0p6__prefix__gru512__seed20260905,system,commit_msp,0.6,20260905,r18,gru512,R1,False,0.284,0.275,6.404,"[6.128, 6.686]",0.0,"(0.90, 1.79, 0.577)",1113,118,52,118,52
roadside,commit__msp0p7__prefix__gru512__seed20260903,system,commit_msp,0.7,20260903,r18,gru512,R1,False,0.157,0.143,8.155,"[7.923, 8.371]",0.0,"(0.42, 6.50, 0.494)",1113,154,139,155,139
roadside,commit__msp0p7__prefix__gru512__seed20260904,system,commit_msp,0.7,20260904,r18,gru512,R1,False,0.164,0.148,8.089,"[7.855, 8.296]",0.0,"(0.40, 6.61, 0.448)",1113,152,138,153,138
roadside,commit__msp0p7__prefix__gru512__seed20260905,system,commit_msp,0.7,20260905,r18,gru512,R1,False,0.262,0.249,6.935,"[6.662, 7.203]",0.0,"(0.76, 3.41, 0.554)",1113,138,114,138,114
roadside,commit__msp0p8__prefix__gru512__seed20260903,system,commit_msp,0.8,20260903,r18,gru512,R1,False,0.102,0.091,8.834,"[8.635, 9.023]",0.0,"(0.24, 7.93, 0.441)",1113,160,147,161,147
roadside,commit__msp0p8__prefix__gru512__seed20260904,system,commit_msp,0.8,20260904,r18,gru512,R1,False,0.093,0.082,8.909,"[8.718, 9.074]",0.0,"(0.21, 8.23, 0.399)",1113,162,148,163,148
roadside,commit__msp0p8__prefix__gru512__seed20260905,system,commit_msp,0.8,20260905,r18,gru512,R1,False,0.220,0.203,7.525,"[7.278, 7.762]",0.0,"(0.59, 5.05, 0.514)",1113,146,133,147,133
roadside,commit__msp0p9__prefix__gru512__seed20260903,system,commit_msp,0.9,20260903,r18,gru512,R1,False,0.052,0.046,9.403,"[9.263, 9.530]",0.0,"(0.11, 9.11, 0.344)",1113,166,152,167,153
roadside,commit__msp0p9__prefix__gru512__seed20260904,system,commit_msp,0.9,20260904,r18,gru512,R1,False,0.036,0.031,9.577,"[9.456, 9.690]",0.0,"(0.08, 9.39, 0.345)",1113,167,154,168,155
roadside,commit__msp0p9__prefix__gru512__seed20260905,system,commit_msp,0.9,20260905,r18,gru512,R1,False,0.131,0.115,8.471,"[8.263, 8.672]",0.0,"(0.33, 7.33, 0.468)",1113,159,143,160,143
roadside,postproc__ema0p2__prefix__gru512__seed20260904,system,ema,0.2,20260904,r18,gru512,R1,False,0.311,0.314,6.229,"[5.953, 6.497]",0.0,"(0.00, 10.00, n/a) never commits",1113,51,25,51,25
roadside,postproc__ema0p2__prefix__gru512__seed20260905,system,ema,0.2,20260905,r18,gru512,R1,False,0.296,0.301,6.428,"[6.150, 6.699]",0.0,"(0.00, 10.00, n/a) never commits",1113,65,56,65,56
roadside,postproc__ema0p7__prefix__gru512__seed20260903,system,ema,0.7,20260903,r18,gru512,R1,False,0.313,0.302,6.975,"[6.708, 7.210]",0.0,"(0.00, 10.00, n/a) never commits",1113,62,116,62,116
roadside,postproc__hysteresis0p05__prefix__gru512__seed20260904,system,hysteresis,0.05,20260904,r18,gru512,R1,False,0.303,0.316,6.523,"[6.243, 6.783]",0.0,"(0.00, 10.00, n/a) never commits",1113,49,67,49,67
roadside,postproc__hysteresis0p05__prefix__gru512__seed20260905,system,hysteresis,0.05,20260905,r18,gru512,R1,False,0.293,0.293,6.699,"[6.434, 6.968]",0.0,"(0.00, 10.00, n/a) never commits",1113,76,84,76,84
roadside,postproc__hysteresis0p2__prefix__gru512__seed20260903,system,hysteresis,0.2,20260903,r18,gru512,R1,False,0.310,0.308,6.354,"[6.065, 6.607]",0.0,"(0.00, 10.00, n/a) never commits",1113,57,42,57,42
roadside,postproc__majority2__prefix__gru512__seed20260903,system,majority,2,20260903,r18,gru512,R1,False,0.307,0.305,7.092,"[6.826, 7.318]",1.0,"(0.00, 10.00, n/a) never commits",1113,59,118,59,118
roadside,postproc__majority2__prefix__gru512__seed20260904,system,majority,2,20260904,r18,gru512,R1,False,0.300,0.311,6.794,"[6.531, 7.056]",0.0,"(0.00, 10.00, n/a) never commits",1113,52,98,52,98
roadside,postproc__majority9__prefix__gru512__seed20260905,system,majority,9,20260905,r18,gru512,R1,False,0.291,0.289,6.467,"[6.191, 6.740]",0.0,"(0.00, 10.00, n/a) never commits",1113,83,58,83,58
roadside,postproc__patience2__prefix__gru512__seed20260903,system,patience,2,20260903,r18,gru512,R1,False,0.302,0.301,6.907,"[6.641, 7.143]",0.0,"(0.00, 10.00, n/a) never commits",1113,64,110,64,110
roadside,postproc__patience2__prefix__gru512__seed20260904,system,patience,2,20260904,r18,gru512,R1,False,0.305,0.309,6.530,"[6.260, 6.793]",0.0,"(0.00, 10.00, n/a) never commits",1113,56,69,56,69
roadside,postproc__patience6__prefix__gru512__seed20260905,system,patience,6,20260905,r18,gru512,R1,False,0.292,0.289,6.344,"[6.074, 6.623]",0.0,"(0.00, 10.00, n/a) never commits",1113,82,41,82,41
roadside,prefix__gru128__seed20260903,system,gru128,-,20260903,r18,gru128,R1,False,0.294,0.287,6.741,"[6.487, 6.994]",0.0,"(0.00, 10.00, n/a) never commits",1113,91,91,91,91
roadside,prefix__gru128__seed20260904,system,gru128,-,20260904,r18,gru128,R1,False,0.307,0.292,6.867,"[6.595, 7.119]",0.0,"(0.00, 10.00, n/a) never commits",1113,79,106,79,106
roadside,prefix__gru128__seed20260905,system,gru128,-,20260905,r18,gru128,R1,False,0.310,0.323,6.607,"[6.353, 6.867]",0.0,"(0.00, 10.00, n/a) never commits",1113,45,76,45,76
roadside,prefix__gru512__seed20260903,system,gru512,-,20260903,r18,gru512,R1,False,0.306,0.305,7.092,"[6.826, 7.318]",1.0,"(0.00, 10.00, n/a) never commits",1113,60,119,60,119
roadside,prefix__gru512__seed20260904,system,gru512,-,20260904,r18,gru512,R1,False,0.300,0.311,6.794,"[6.531, 7.056]",0.0,"(0.00, 10.00, n/a) never commits",1113,53,99,53,99
roadside,prefix__gru512__seed20260905,system,gru512,-,20260905,r18,gru512,R1,False,0.294,0.296,6.803,"[6.531, 7.070]",0.0,"(0.00, 10.00, n/a) never commits",1113,69,100,69,100
roadside,r2__clipb16__gru128__ringel__seed20260903,system,ringel2024_conditional_adapt,-,20260903,clipb16,gru128,R2,True,0.357,0.357,9.902,"[9.895, 9.908]",1.0,"(1.00, 10.00, 0.606)",1113,2,158,2,159
roadside,r2__clipb16__gru128__ringel__seed20260904,system,ringel2024_conditional_adapt,-,20260904,clipb16,gru128,R2,True,0.351,0.351,9.912,"[9.904, 9.919]",1.0,"(1.00, 10.00, 0.646)",1113,6,165,6,166
roadside,r2__clipb16__gru128__ringel__seed20260905,system,ringel2024_conditional_adapt,-,20260905,clipb16,gru128,R2,True,0.328,0.328,9.904,"[9.897, 9.911]",1.0,"(1.00, 10.00, 0.617)",1113,39,161,39,162
roadside,r2__clipb16__gru128__seed20260903,system,gru128,-,20260903,clipb16,gru128,R2,True,0.338,0.357,6.684,"[6.409, 6.915]",0.0,"(0.00, 10.00, n/a) never commits",1113,3,83,3,83
roadside,r2__clipb16__gru128__seed20260904,system,gru128,-,20260904,clipb16,gru128,R2,True,0.354,0.351,7.166,"[6.914, 7.420]",0.0,"(0.00, 10.00, n/a) never commits",1113,7,121,7,121
roadside,r2__clipb16__gru128__seed20260905,system,gru128,-,20260905,clipb16,gru128,R2,True,0.341,0.328,6.808,"[6.523, 7.069]",0.0,"(0.00, 10.00, n/a) never commits",1113,40,101,40,101
roadside,r2__clipb16__gru128__teaser__seed20260903,system,teaser_ocsvm_adapt,-,20260903,clipb16,gru128,R2,True,0.347,0.342,5.985,"[5.698, 6.253]",0.0,"(0.96, 0.59, 0.576)",1113,18,9,18,9
roadside,r2__clipb16__gru128__teaser__seed20260904,system,teaser_ocsvm_adapt,-,20260904,clipb16,gru128,R2,True,0.356,0.353,6.530,"[6.256, 6.791]",1.0,"(0.95, 1.44, 0.609)",1113,5,68,5,68
roadside,r2__clipb16__gru128__teaser__seed20260905,system,teaser_ocsvm_adapt,-,20260905,clipb16,gru128,R2,True,0.293,0.290,6.499,"[6.230, 6.742]",1.0,"(0.88, 2.21, 0.571)",1113,80,64,80,64
roadside,r2__clipb16__gru512__ema__seed20260903,system,ema,0.7,20260903,clipb16,gru512,R2,True,0.337,0.340,6.385,"[6.115, 6.664]",0.0,"(0.00, 10.00, n/a) never commits",1113,24,47,24,47
roadside,r2__clipb16__gru512__ema__seed20260904,system,ema,0.2,20260904,clipb16,gru512,R2,True,0.330,0.345,6.788,"[6.530, 7.043]",0.0,"(0.00, 10.00, n/a) never commits",1113,15,97,15,97
roadside,r2__clipb16__gru512__ema__seed20260905,system,ema,0.7,20260905,clipb16,gru512,R2,True,0.320,0.335,6.325,"[6.066, 6.595]",0.0,"(0.00, 10.00, n/a) never commits",1113,33,36,33,36
roadside,r2__clipb16__gru512__hysteresis__seed20260903,system,hysteresis,0.05,20260903,clipb16,gru512,R2,True,0.338,0.340,6.376,"[6.096, 6.656]",0.0,"(0.00, 10.00, n/a) never commits",1113,25,46,25,46
roadside,r2__clipb16__gru512__hysteresis__seed20260904,system,hysteresis,0.1,20260904,clipb16,gru512,R2,True,0.323,0.342,6.714,"[6.445, 6.974]",0.0,"(0.00, 10.00, n/a) never commits",1113,20,87,20,87
roadside,r2__clipb16__gru512__hysteresis__seed20260905,system,hysteresis,0.2,20260905,clipb16,gru512,R2,True,0.328,0.341,6.175,"[5.913, 6.455]",0.0,"(0.00, 10.00, n/a) never commits",1113,22,21,22,21
roadside,r2__clipb16__gru512__majority__seed20260903,system,majority,7,20260903,clipb16,gru512,R2,True,0.341,0.338,6.387,"[6.108, 6.665]",0.0,"(0.00, 10.00, n/a) never commits",1113,30,48,30,48
roadside,r2__clipb16__gru512__majority__seed20260904,system,majority,9,20260904,clipb16,gru512,R2,True,0.331,0.343,6.836,"[6.572, 7.089]",0.0,"(0.00, 10.00, n/a) never commits",1113,17,105,17,105
roadside,r2__clipb16__gru512__majority__seed20260905,system,majority,2,20260905,clipb16,gru512,R2,True,0.327,0.335,6.329,"[6.071, 6.593]",0.0,"(0.00, 10.00, n/a) never commits",1113,34,38,34,38
roadside,r2__clipb16__gru512__margin0p1__seed20260903,system,commit_margin,0.1,20260903,clipb16,gru512,R2,True,0.345,0.345,6.079,"[5.798, 6.351]",0.0,"(1.00, 0.07, 0.606)",1113,16,15,16,15
roadside,r2__clipb16__gru512__margin0p1__seed20260904,system,commit_margin,0.1,20260904,clipb16,gru512,R2,True,0.340,0.338,6.702,"[6.429, 6.963]",0.0,"(0.97, 1.01, 0.639)",1113,29,85,29,85
roadside,r2__clipb16__gru512__margin0p1__seed20260905,system,commit_margin,0.1,20260905,clipb16,gru512,R2,True,0.350,0.350,5.860,"[5.586, 6.135]",0.0,"(1.00, 0.11, 0.584)",1113,8,4,8,4
roadside,r2__clipb16__gru512__margin0p2__seed20260903,system,commit_margin,0.2,20260903,clipb16,gru512,R2,True,0.350,0.350,6.053,"[5.775, 6.328]",0.0,"(1.00, 0.24, 0.599)",1113,9,12,9,12
roadside,r2__clipb16__gru512__margin0p2__seed20260904,system,commit_margin,0.2,20260904,clipb16,gru512,R2,True,0.277,0.263,7.481,"[7.223, 7.714]",0.0,"(0.76, 3.44, 0.631)",1113,132,131,132,131
roadside,r2__clipb16__gru512__margin0p2__seed20260905,system,commit_margin,0.2,20260905,clipb16,gru512,R2,True,0.347,0.347,5.927,"[5.652, 6.204]",0.0,"(1.00, 0.36, 0.584)",1113,13,7,13,7
roadside,r2__clipb16__gru512__margin0p4__seed20260903,system,commit_margin,0.4,20260903,clipb16,gru512,R2,True,0.349,0.346,6.240,"[5.961, 6.506]",0.0,"(0.97, 0.90, 0.597)",1113,14,26,14,26
roadside,r2__clipb16__gru512__margin0p4__seed20260904,system,commit_margin,0.4,20260904,clipb16,gru512,R2,True,0.170,0.157,8.486,"[8.280, 8.692]",0.0,"(0.39, 6.69, 0.555)",1113,151,144,152,144
roadside,r2__clipb16__gru512__margin0p4__seed20260905,system,commit_margin,0.4,20260905,clipb16,gru512,R2,True,0.336,0.331,6.247,"[5.964, 6.526]",0.0,"(0.94, 1.27, 0.581)",1113,38,27,38,27
roadside,r2__clipb16__gru512__margin0p6__seed20260903,system,commit_margin,0.6,20260903,clipb16,gru512,R2,True,0.333,0.320,6.535,"[6.253, 6.801]",0.0,"(0.90, 1.79, 0.595)",1113,47,71,47,71
roadside,r2__clipb16__gru512__margin0p6__seed20260904,system,commit_margin,0.6,20260904,clipb16,gru512,R2,True,0.079,0.071,9.267,"[9.121, 9.411]",0.0,"(0.16, 8.63, 0.480)",1113,163,150,164,151
roadside,r2__clipb16__gru512__margin0p6__seed20260905,system,commit_margin,0.6,20260905,clipb16,gru512,R2,True,0.314,0.293,6.742,"[6.468, 7.010]",0.0,"(0.82, 2.66, 0.573)",1113,77,92,77,92
roadside,r2__clipb16__gru512__msp0p5__seed20260903,system,commit_msp,0.5,20260903,clipb16,gru512,R2,True,0.348,0.348,6.071,"[5.789, 6.344]",0.0,"(1.00, 0.20, 0.601)",1113,11,14,11,14
roadside,r2__clipb16__gru512__msp0p5__seed20260904,system,commit_msp,0.5,20260904,clipb16,gru512,R2,True,0.230,0.209,7.969,"[7.758, 8.190]",0.0,"(0.58, 4.95, 0.611)",1113,144,137,144,137
roadside,r2__clipb16__gru512__msp0p5__seed20260905,system,commit_msp,0.5,20260905,clipb16,gru512,R2,True,0.349,0.349,5.907,"[5.638, 6.179]",0.0,"(0.99, 0.33, 0.582)",1113,10,6,10,6
roadside,r2__clipb16__gru512__msp0p6__seed20260903,system,commit_msp,0.6,20260903,clipb16,gru512,R2,True,0.343,0.341,6.209,"[5.930, 6.482]",0.0,"(0.98, 0.60, 0.603)",1113,21,23,21,23
roadside,r2__clipb16__gru512__msp0p6__seed20260904,system,commit_msp,0.6,20260904,clipb16,gru512,R2,True,0.152,0.139,8.647,"[8.453, 8.840]",0.0,"(0.35, 6.99, 0.565)",1113,155,146,156,146
roadside,r2__clipb16__gru512__msp0p6__seed20260905,system,commit_msp,0.6,20260905,clipb16,gru512,R2,True,0.342,0.341,6.098,"[5.831, 6.375]",0.0,"(0.96, 0.91, 0.578)",1113,23,16,23,16
roadside,r2__clipb16__gru512__msp0p7__seed20260903,system,commit_msp,0.7,20260903,clipb16,gru512,R2,True,0.341,0.336,6.356,"[6.076, 6.616]",0.0,"(0.94, 1.25, 0.595)",1113,32,43,32,43
roadside,r2__clipb16__gru512__msp0p7__seed20260904,system,commit_msp,0.7,20260904,clipb16,gru512,R2,True,0.089,0.084,9.167,"[9.011, 9.325]",0.0,"(0.18, 8.37, 0.520)",1113,161,149,162,150
roadside,r2__clipb16__gru512__msp0p7__seed20260905,system,commit_msp,0.7,20260905,clipb16,gru512,R2,True,0.330,0.314,6.446,"[6.167, 6.710]",0.0,"(0.88, 1.90, 0.573)",1113,50,57,50,57
roadside,r2__clipb16__gru512__msp0p8__seed20260903,system,commit_msp,0.8,20260903,clipb16,gru512,R2,True,0.329,0.316,6.624,"[6.356, 6.877]",0.0,"(0.87, 2.15, 0.588)",1113,48,78,48,78
roadside,r2__clipb16__gru512__msp0p8__seed20260904,system,commit_msp,0.8,20260904,clipb16,gru512,R2,True,0.036,0.030,9.670,"[9.567, 9.764]",0.0,"(0.07, 9.42, 0.434)",1113,168,155,169,156
roadside,r2__clipb16__gru512__msp0p8__seed20260905,system,commit_msp,0.8,20260905,clipb16,gru512,R2,True,0.296,0.275,6.933,"[6.659, 7.185]",0.0,"(0.76, 3.24, 0.565)",1113,119,112,119,112
roadside,r2__clipb16__gru512__msp0p9__seed20260903,system,commit_msp,0.9,20260903,clipb16,gru512,R2,True,0.291,0.273,7.038,"[6.781, 7.300]",0.0,"(0.73, 3.49, 0.567)",1113,123,117,123,117
roadside,r2__clipb16__gru512__msp0p9__seed20260904,system,commit_msp,0.9,20260904,clipb16,gru512,R2,True,0.002,0.002,9.977,"[9.947, 10.000]",0.0,"(0.00, 9.96, 0.400)",1113,171,171,172,172
roadside,r2__clipb16__gru512__msp0p9__seed20260905,system,commit_msp,0.9,20260905,clipb16,gru512,R2,True,0.235,0.220,7.470,"[7.216, 7.708]",0.0,"(0.61, 4.71, 0.543)",1113,141,130,141,130
roadside,r2__clipb16__gru512__patience__seed20260903,system,patience,4,20260903,clipb16,gru512,R2,True,0.342,0.338,6.388,"[6.107, 6.665]",0.0,"(0.00, 10.00, n/a) never commits",1113,31,49,31,49
roadside,r2__clipb16__gru512__patience__seed20260904,system,patience,4,20260904,clipb16,gru512,R2,True,0.332,0.342,6.817,"[6.552, 7.066]",0.0,"(0.00, 10.00, n/a) never commits",1113,19,103,19,103
roadside,r2__clipb16__gru512__patience__seed20260905,system,patience,2,20260905,clipb16,gru512,R2,True,0.326,0.339,6.308,"[6.050, 6.581]",0.0,"(0.00, 10.00, n/a) never commits",1113,26,35,26,35
roadside,r2__clipb16__gru512__ringel__seed20260903,system,ringel2024_conditional_adapt,-,20260903,clipb16,gru512,R2,True,0.339,0.339,9.904,"[9.897, 9.911]",1.0,"(1.00, 10.00, 0.616)",1113,27,160,27,161
roadside,r2__clipb16__gru512__ringel__seed20260904,system,ringel2024_conditional_adapt,-,20260904,clipb16,gru512,R2,True,0.327,0.327,9.914,"[9.907, 9.921]",1.0,"(1.00, 10.00, 0.657)",1113,42,167,42,168
roadside,r2__clipb16__gru512__ringel__seed20260905,system,ringel2024_conditional_adapt,-,20260905,clipb16,gru512,R2,True,0.335,0.335,9.900,"[9.892, 9.907]",1.0,"(1.00, 10.00, 0.598)",1113,35,157,35,158
roadside,r2__clipb16__gru512__seed20260903,system,gru512,-,20260903,clipb16,gru512,R2,True,0.339,0.339,6.417,"[6.144, 6.688]",0.0,"(0.00, 10.00, n/a) never commits",1113,28,55,28,55
roadside,r2__clipb16__gru512__seed20260904,system,gru512,-,20260904,clipb16,gru512,R2,True,0.334,0.327,7.231,"[6.977, 7.483]",0.0,"(0.00, 10.00, n/a) never commits",1113,43,125,43,125
roadside,r2__clipb16__gru512__seed20260905,system,gru512,-,20260905,clipb16,gru512,R2,True,0.327,0.335,6.329,"[6.071, 6.593]",0.0,"(0.00, 10.00, n/a) never commits",1113,36,39,36,39
roadside,r2__clipb16__gru512__teaser__seed20260903,system,teaser_ocsvm_adapt,-,20260903,clipb16,gru512,R2,True,0.314,0.311,6.296,"[6.012, 6.569]",0.0,"(0.90, 1.50, 0.574)",1113,54,32,54,32
roadside,r2__clipb16__gru512__teaser__seed20260904,system,teaser_ocsvm_adapt,-,20260904,clipb16,gru512,R2,True,0.322,0.320,6.927,"[6.673, 7.168]",1.0,"(0.97, 2.08, 0.634)",1113,46,111,46,111
roadside,r2__clipb16__gru512__teaser__seed20260905,system,teaser_ocsvm_adapt,-,20260905,clipb16,gru512,R2,True,0.329,0.323,6.027,"[5.755, 6.300]",0.0,"(0.92, 0.97, 0.563)",1113,44,11,44,11
roadside,r2__clipb16__mean__seed20260903,system,mean_linear,-,20260903,clipb16,mean,R2,True,0.325,0.333,6.370,"[6.089, 6.639]",0.0,"(0.00, 10.00, n/a) never commits",1113,37,44,37,44
roadside,r2__clipb16__mean__seed20260904,system,mean_linear,-,20260904,clipb16,mean,R2,True,0.346,0.347,6.394,"[6.093, 6.671]",0.0,"(0.00, 10.00, n/a) never commits",1113,12,51,12,51
roadside,r2__clipb16__mean__seed20260905,system,mean_linear,-,20260905,clipb16,mean,R2,True,0.355,0.354,6.515,"[6.242, 6.790]",0.0,"(0.00, 10.00, n/a) never commits",1113,4,65,4,65
roadside,r2__qwen25vl7b__readonly,system,vlm_readonly,-,-,qwen25vl7b,qwen25vl7b,R2,True,0.199,0.203,9.122,"[8.971, 9.262]",0.0,"(0.00, 10.00, n/a) never commits",1113,n/a,n/a,146,149
roadside,r2__r18__gru128__ringel__seed20260903,system,ringel2024_conditional_adapt,-,20260903,r18,gru128,R2,False,0.282,0.282,9.907,"[9.899, 9.913]",1.0,"(1.00, 10.00, 0.626)",1113,104,162,104,163
roadside,r2__r18__gru128__ringel__seed20260904,system,ringel2024_conditional_adapt,-,20260904,r18,gru128,R2,False,0.263,0.263,9.921,"[9.915, 9.928]",1.0,"(1.00, 10.00, 0.685)",1113,130,169,130,170
roadside,r2__r18__gru128__ringel__seed20260905,system,ringel2024_conditional_adapt,-,20260905,r18,gru128,R2,False,0.294,0.294,9.903,"[9.895, 9.910]",1.0,"(1.00, 10.00, 0.610)",1113,72,159,72,160
roadside,r2__r18__gru128__seed20260903,system,gru128,-,20260903,r18,gru128,R2,False,0.276,0.282,7.206,"[6.954, 7.454]",1.0,"(0.00, 10.00, n/a) never commits",1113,105,124,105,124
roadside,r2__r18__gru128__seed20260904,system,gru128,-,20260904,r18,gru128,R2,False,0.264,0.263,7.839,"[7.619, 8.047]",1.0,"(0.00, 10.00, n/a) never commits",1113,131,136,131,136
roadside,r2__r18__gru128__seed20260905,system,gru128,-,20260905,r18,gru128,R2,False,0.280,0.294,6.896,"[6.614, 7.155]",0.0,"(0.00, 10.00, n/a) never commits",1113,73,107,73,107
roadside,r2__r18__gru128__teaser__seed20260903,system,teaser_ocsvm_adapt,-,20260903,r18,gru128,R2,False,0.271,0.266,6.816,"[6.550, 7.057]",1.0,"(0.89, 2.60, 0.586)",1113,127,102,127,102
roadside,r2__r18__gru128__teaser__seed20260904,system,teaser_ocsvm_adapt,-,20260904,r18,gru128,R2,False,0.289,0.289,6.476,"[6.184, 6.740]",0.0,"(0.99, 0.17, 0.642)",1113,84,61,84,61
roadside,r2__r18__gru128__teaser__seed20260905,system,teaser_ocsvm_adapt,-,20260905,r18,gru128,R2,False,0.268,0.265,6.289,"[5.994, 6.547]",0.0,"(0.94, 0.92, 0.597)",1113,128,31,128,31
roadside,r2__r18__gru512__ema__seed20260903,system,ema,0.35,20260903,r18,gru512,R2,False,0.282,0.289,6.775,"[6.488, 7.032]",0.0,"(0.00, 10.00, n/a) never commits",1113,86,95,86,95
roadside,r2__r18__gru512__ema__seed20260904,system,ema,0.2,20260904,r18,gru512,R2,False,0.269,0.279,6.589,"[6.314, 6.861]",0.0,"(0.00, 10.00, n/a) never commits",1113,111,74,111,74
roadside,r2__r18__gru512__ema__seed20260905,system,ema,0.2,20260905,r18,gru512,R2,False,0.288,0.292,6.935,"[6.677, 7.189]",0.0,"(0.00, 10.00, n/a) never commits",1113,78,113,78,113
roadside,r2__r18__gru512__hysteresis__seed20260903,system,hysteresis,0.2,20260903,r18,gru512,R2,False,0.283,0.288,6.759,"[6.471, 7.014]",0.0,"(0.00, 10.00, n/a) never commits",1113,87,94,87,94
roadside,r2__r18__gru512__hysteresis__seed20260904,system,hysteresis,0.2,20260904,r18,gru512,R2,False,0.267,0.283,6.648,"[6.372, 6.922]",0.0,"(0.00, 10.00, n/a) never commits",1113,100,81,100,81
roadside,r2__r18__gru512__hysteresis__seed20260905,system,hysteresis,0.2,20260905,r18,gru512,R2,False,0.295,0.305,6.633,"[6.356, 6.903]",0.0,"(0.00, 10.00, n/a) never commits",1113,58,80,58,80
roadside,r2__r18__gru512__majority__seed20260903,system,majority,2,20260903,r18,gru512,R2,False,0.278,0.287,6.905,"[6.629, 7.165]",0.0,"(0.00, 10.00, n/a) never commits",1113,88,108,88,108
roadside,r2__r18__gru512__majority__seed20260904,system,majority,2,20260904,r18,gru512,R2,False,0.268,0.279,6.734,"[6.470, 7.006]",0.0,"(0.00, 10.00, n/a) never commits",1113,108,88,108,88
roadside,r2__r18__gru512__majority__seed20260905,system,majority,5,20260905,r18,gru512,R2,False,0.288,0.290,7.170,"[6.929, 7.427]",0.0,"(0.00, 10.00, n/a) never commits",1113,81,122,81,122
roadside,r2__r18__gru512__margin0p1__seed20260903,system,commit_margin,0.1,20260903,r18,gru512,R2,False,0.278,0.278,6.299,"[6.020, 6.576]",0.0,"(1.00, 0.05, 0.629)",1113,114,34,114,34
roadside,r2__r18__gru512__margin0p1__seed20260904,system,commit_margin,0.1,20260904,r18,gru512,R2,False,0.286,0.286,6.150,"[5.866, 6.425]",0.0,"(1.00, 0.04, 0.615)",1113,94,19,94,19
roadside,r2__r18__gru512__margin0p1__seed20260905,system,commit_margin,0.1,20260905,r18,gru512,R2,False,0.298,0.295,6.615,"[6.346, 6.873]",0.0,"(0.98, 0.87, 0.638)",1113,71,77,71,77
roadside,r2__r18__gru512__margin0p2__seed20260903,system,commit_margin,0.2,20260903,r18,gru512,R2,False,0.278,0.278,6.330,"[6.045, 6.618]",0.0,"(1.00, 0.14, 0.630)",1113,113,40,113,40
roadside,r2__r18__gru512__margin0p2__seed20260904,system,commit_margin,0.2,20260904,r18,gru512,R2,False,0.284,0.284,6.171,"[5.887, 6.451]",0.0,"(1.00, 0.10, 0.615)",1113,99,20,99,20
roadside,r2__r18__gru512__margin0p2__seed20260905,system,commit_margin,0.2,20260905,r18,gru512,R2,False,0.275,0.261,7.152,"[6.871, 7.401]",0.0,"(0.84, 2.82, 0.621)",1113,133,120,133,120
roadside,r2__r18__gru512__margin0p4__seed20260903,system,commit_margin,0.4,20260903,r18,gru512,R2,False,0.279,0.279,6.408,"[6.126, 6.680]",0.0,"(0.99, 0.57, 0.626)",1113,112,53,112,53
roadside,r2__r18__gru512__margin0p4__seed20260904,system,commit_margin,0.4,20260904,r18,gru512,R2,False,0.284,0.282,6.257,"[5.975, 6.529]",0.0,"(1.00, 0.36, 0.617)",1113,103,29,103,29
roadside,r2__r18__gru512__margin0p4__seed20260905,system,commit_margin,0.4,20260905,r18,gru512,R2,False,0.163,0.147,8.462,"[8.242, 8.653]",0.0,"(0.41, 6.76, 0.556)",1113,153,142,154,142
roadside,r2__r18__gru512__margin0p6__seed20260903,system,commit_margin,0.6,20260903,r18,gru512,R2,False,0.280,0.275,6.631,"[6.350, 6.894]",0.0,"(0.95, 1.46, 0.619)",1113,120,79,120,79
roadside,r2__r18__gru512__margin0p6__seed20260904,system,commit_margin,0.6,20260904,r18,gru512,R2,False,0.278,0.274,6.394,"[6.124, 6.678]",0.0,"(0.98, 0.90, 0.615)",1113,122,50,122,50
roadside,r2__r18__gru512__margin0p6__seed20260905,system,commit_margin,0.6,20260905,r18,gru512,R2,False,0.063,0.053,9.434,"[9.295, 9.549]",0.0,"(0.14, 8.93, 0.490)",1113,165,153,166,154
roadside,r2__r18__gru512__msp0p5__seed20260903,system,commit_msp,0.5,20260903,r18,gru512,R2,False,0.283,0.283,6.264,"[5.981, 6.540]",0.0,"(1.00, 0.12, 0.623)",1113,101,30,101,30
roadside,r2__r18__gru512__msp0p5__seed20260904,system,commit_msp,0.5,20260904,r18,gru512,R2,False,0.286,0.286,6.139,"[5.860, 6.423]",0.0,"(1.00, 0.06, 0.613)",1113,93,18,93,18
roadside,r2__r18__gru512__msp0p5__seed20260905,system,commit_msp,0.5,20260905,r18,gru512,R2,False,0.241,0.217,7.657,"[7.395, 7.904]",0.0,"(0.65, 4.50, 0.590)",1113,142,135,142,135
roadside,r2__r18__gru512__msp0p6__seed20260903,system,commit_msp,0.6,20260903,r18,gru512,R2,False,0.278,0.278,6.373,"[6.082, 6.652]",0.0,"(0.99, 0.37, 0.628)",1113,116,45,116,45
roadside,r2__r18__gru512__msp0p6__seed20260904,system,commit_msp,0.6,20260904,r18,gru512,R2,False,0.286,0.286,6.205,"[5.925, 6.476]",0.0,"(1.00, 0.23, 0.615)",1113,96,22,96,22
roadside,r2__r18__gru512__msp0p6__seed20260905,system,commit_msp,0.6,20260905,r18,gru512,R2,False,0.142,0.128,8.614,"[8.412, 8.805]",0.0,"(0.36, 7.15, 0.544)",1113,156,145,157,145
roadside,r2__r18__gru512__msp0p7__seed20260903,system,commit_msp,0.7,20260903,r18,gru512,R2,False,0.279,0.277,6.479,"[6.198, 6.749]",0.0,"(0.97, 0.89, 0.626)",1113,117,62,117,62
roadside,r2__r18__gru512__msp0p7__seed20260904,system,commit_msp,0.7,20260904,r18,gru512,R2,False,0.283,0.282,6.296,"[6.022, 6.576]",0.0,"(0.99, 0.56, 0.614)",1113,102,33,102,33
roadside,r2__r18__gru512__msp0p7__seed20260905,system,commit_msp,0.7,20260905,r18,gru512,R2,False,0.070,0.058,9.349,"[9.203, 9.478]",0.0,"(0.16, 8.75, 0.511)",1113,164,151,165,152
roadside,r2__r18__gru512__msp0p8__seed20260903,system,commit_msp,0.8,20260903,r18,gru512,R2,False,0.271,0.263,6.775,"[6.490, 7.041]",0.0,"(0.92, 1.84, 0.619)",1113,129,96,129,96
roadside,r2__r18__gru512__msp0p8__seed20260904,system,commit_msp,0.8,20260904,r18,gru512,R2,False,0.275,0.272,6.414,"[6.154, 6.704]",0.0,"(0.97, 1.09, 0.611)",1113,125,54,125,54
roadside,r2__r18__gru512__msp0p8__seed20260905,system,commit_msp,0.8,20260905,r18,gru512,R2,False,0.026,0.021,9.747,"[9.649, 9.832]",0.0,"(0.06, 9.56, 0.468)",1113,169,156,170,157
roadside,r2__r18__gru512__msp0p9__seed20260903,system,commit_msp,0.9,20260903,r18,gru512,R2,False,0.247,0.232,7.231,"[6.966, 7.487]",0.0,"(0.78, 3.38, 0.599)",1113,139,126,139,126
roadside,r2__r18__gru512__msp0p9__seed20260904,system,commit_msp,0.9,20260904,r18,gru512,R2,False,0.259,0.250,6.713,"[6.457, 6.996]",0.0,"(0.90, 1.94, 0.606)",1113,135,86,135,86
roadside,r2__r18__gru512__msp0p9__seed20260905,system,commit_msp,0.9,20260905,r18,gru512,R2,False,0.004,0.004,9.947,"[9.908, 9.982]",0.0,"(0.01, 9.92, 0.417)",1113,170,170,171,171
roadside,r2__r18__gru512__patience__seed20260903,system,patience,4,20260903,r18,gru512,R2,False,0.283,0.296,6.736,"[6.457, 7.000]",0.0,"(0.00, 10.00, n/a) never commits",1113,70,90,70,90
roadside,r2__r18__gru512__patience__seed20260904,system,patience,2,20260904,r18,gru512,R2,False,0.270,0.281,6.684,"[6.407, 6.961]",0.0,"(0.00, 10.00, n/a) never commits",1113,107,82,107,82
roadside,r2__r18__gru512__patience__seed20260905,system,patience,4,20260905,r18,gru512,R2,False,0.293,0.294,6.944,"[6.691, 7.208]",0.0,"(0.00, 10.00, n/a) never commits",1113,75,115,75,115
roadside,r2__r18__gru512__ringel__seed20260903,system,ringel2024_conditional_adapt,-,20260903,r18,gru512,R2,False,0.287,0.287,9.907,"[9.900, 9.915]",1.0,"(1.00, 10.00, 0.629)",1113,89,164,89,165
roadside,r2__r18__gru512__ringel__seed20260904,system,ringel2024_conditional_adapt,-,20260904,r18,gru512,R2,False,0.279,0.279,9.907,"[9.899, 9.914]",1.0,"(1.00, 10.00, 0.626)",1113,109,163,109,164
roadside,r2__r18__gru512__ringel__seed20260905,system,ringel2024_conditional_adapt,-,20260905,r18,gru512,R2,False,0.284,0.284,9.912,"[9.905, 9.919]",1.0,"(1.00, 10.00, 0.650)",1113,97,166,97,167
roadside,r2__r18__gru512__seed20260903,system,gru512,-,20260903,r18,gru512,R2,False,0.277,0.287,6.905,"[6.629, 7.165]",0.0,"(0.00, 10.00, n/a) never commits",1113,90,109,90,109
roadside,r2__r18__gru512__seed20260904,system,gru512,-,20260904,r18,gru512,R2,False,0.268,0.279,6.734,"[6.470, 7.006]",0.0,"(0.00, 10.00, n/a) never commits",1113,110,89,110,89
roadside,r2__r18__gru512__seed20260905,system,gru512,-,20260905,r18,gru512,R2,False,0.287,0.284,7.453,"[7.218, 7.688]",1.0,"(0.00, 10.00, n/a) never commits",1113,98,129,98,129
roadside,r2__r18__gru512__teaser__seed20260903,system,teaser_ocsvm_adapt,-,20260903,r18,gru512,R2,False,0.274,0.273,6.469,"[6.185, 6.733]",0.0,"(0.95, 0.86, 0.618)",1113,124,59,124,59
roadside,r2__r18__gru512__teaser__seed20260904,system,teaser_ocsvm_adapt,-,20260904,r18,gru512,R2,False,0.261,0.250,6.579,"[6.303, 6.861]",0.0,"(0.88, 1.74, 0.594)",1113,136,73,136,73
roadside,r2__r18__gru512__teaser__seed20260905,system,teaser_ocsvm_adapt,-,20260905,r18,gru512,R2,False,0.297,0.297,6.326,"[6.041, 6.601]",0.0,"(1.00, 0.12, 0.629)",1113,67,37,67,37
roadside,r2__r18__mean__seed20260903,system,mean_linear,-,20260903,r18,mean,R2,False,0.287,0.278,6.598,"[6.314, 6.854]",0.0,"(0.00, 10.00, n/a) never commits",1113,115,75,115,75
roadside,r2__r18__mean__seed20260904,system,mean_linear,-,20260904,r18,mean,R2,False,0.310,0.311,6.519,"[6.248, 6.798]",0.0,"(0.00, 10.00, n/a) never commits",1113,55,66,55,66
roadside,r2__r18__mean__seed20260905,system,mean_linear,-,20260905,r18,mean,R2,False,0.281,0.287,6.532,"[6.257, 6.788]",0.0,"(0.00, 10.00, n/a) never commits",1113,92,70,92,70
roadside,trivial__constbot,trivial anchor,trivial_constbot,-,-,none,trivial,R1,False,0.000,0.000,10.000,"[10.000, 10.000]",0.0,"(0.00, 10.00, n/a) never commits",1113,172,172,173,173
roadside,trivial__majority,trivial anchor,trivial_majority,-,-,none,trivial,R1,False,0.200,0.200,6.828,"[6.565, 7.116]",0.0,"(0.00, 10.00, n/a) never commits",1113,148,104,149,104
roadside,trivial__oracle,trivial anchor,trivial_oracle,-,-,none,trivial,R1,False,1.000,1.000,0.000,"[0.000, 0.000]",0.0,"(0.00, 10.00, n/a) never commits",1113,1,1,1,1
roadside,trivial__random,trivial anchor,trivial_random,-,20260903,none,trivial,R1,False,0.204,0.203,9.917,"[9.902, 9.931]",16.0,"(0.00, 10.00, n/a) never commits",1113,147,168,148,169
roadside,block__frac__c-0.6,gauge block,block_frac,-,-,none,block,R1,False,0.998,0.324,8.922,"[8.790, 9.050]",0.0,"(0.00, 10.00, n/a) never commits",1113,-,-,-,-
roadside,block__lock__commit-3_d0-3,gauge block,block_lock,-,-,none,block,R1,False,1.000,1.000,2.750,"[2.750, 2.750]",1.0,"(1.00, 3.00, 0.000)",1113,-,-,-,-
roadside,block__lock__d0-1,gauge block,block_lock,-,-,none,block,R1,False,1.000,1.000,0.750,"[0.750, 0.750]",1.0,"(0.00, 10.00, n/a) never commits",1113,-,-,-,-
roadside,block__lock__d0-18,gauge block,block_lock,-,-,none,block,R1,False,0.811,0.000,10.000,"[10.000, 10.000]",0.0,"(0.00, 10.00, n/a) never commits",1113,-,-,-,-
roadside,block__lock__d0-3,gauge block,block_lock,-,-,none,block,R1,False,1.000,1.000,2.750,"[2.750, 2.750]",1.0,"(0.00, 10.00, n/a) never commits",1113,-,-,-,-
roadside,block__lock__d0-8,gauge block,block_lock,-,-,none,block,R1,False,1.000,1.000,7.750,"[7.750, 7.750]",1.0,"(0.00, 10.00, n/a) never commits",1113,-,-,-,-
roadside,block__oracle__default,gauge block,block_oracle,-,-,none,block,R1,False,1.000,1.000,0.000,"[0.000, 0.000]",0.0,"(0.00, 10.00, n/a) never commits",1113,-,-,-,-
roadside,block__osc__d0-15_p-2,gauge block,block_osc,-,-,none,block,R1,False,0.962,1.000,9.750,"[9.750, 9.750]",5.0,"(0.00, 10.00, n/a) never commits",1113,-,-,-,-
roadside,block__osc__d0-4_p-1,gauge block,block_osc,-,-,none,block,R1,False,1.000,1.000,2.750,"[2.750, 2.750]",3.0,"(0.00, 10.00, n/a) never commits",1113,-,-,-,-
roadside,block__osc__d0-6_p-0.5,gauge block,block_osc,-,-,none,block,R1,False,1.000,1.000,5.250,"[5.250, 5.250]",11.0,"(0.00, 10.00, n/a) never commits",1113,-,-,-,-
roadside,block__rand__eta-0.5,gauge block,block_rand,-,-,none,block,R1,False,0.533,0.534,9.612,"[9.570, 9.647]",14.0,"(0.00, 10.00, n/a) never commits",1113,-,-,-,-
roadside,block__rand__eta-0.9,gauge block,block_rand,-,-,none,block,R1,False,0.903,0.910,6.234,"[6.023, 6.441]",4.0,"(0.00, 10.00, n/a) never commits",1113,-,-,-,-
