set,horizon,weighting,comparison,n_systems,n_undefined_systems,kendall_tau,tau_lo,tau_hi,tau_valid_replicates,all_pairs,all_compared,all_opposite,all_share_opposite,all_median_abs_dx_opposite,same_seed_pairs,same_seed_compared,same_seed_opposite,same_seed_share_opposite,same_seed_median_abs_dx_opposite
B,10.0,macro,rmscd_vs_ct_fixed,27,0,0.7321937321937323,0.6296296296296297,0.794871794871795,2000,351,351,47,0.1339031339031339,0.17211545362645797,108,108,13,0.12037037037037036,0.2071986614230008
B,10.0,macro,rmscd_vs_ct_onset_discrete,27,0,0.7321937321937323,0.6296296296296297,0.794871794871795,2000,351,351,47,0.1339031339031339,0.17211545362645797,108,108,13,0.12037037037037036,0.2071986614230008
B,10.0,macro,rmscd_vs_ct_own,27,0,0.7435897435897437,0.6296296296296297,0.794871794871795,2000,351,351,45,0.1282051282051282,0.17211545362645797,108,108,14,0.12962962962962962,0.16491956410479425
B,10.0,macro,rmscd_vs_ct_own_matched,27,0,0.7549857549857552,0.6410256410256411,0.8062678062678064,2000,351,351,43,0.1225071225071225,0.18355508393765518,108,108,14,0.12962962962962962,0.16491956410479425
B,10.0,macro,rmscd_vs_neg_window_end_accuracy,27,0,0.5726495726495727,0.39601139601139607,0.6752136752136754,2000,351,351,75,0.21367521367521367,0.2718966149026878,108,108,24,0.2222222222222222,0.2802736485688291
N,10.0,macro,rmscd_vs_ct_fixed,63,0,0.7412731006160165,0.6344969199178646,0.7987679671457907,2000,1953,1948,252,0.1293634496919918,0.1478243324487276,630,625,80,0.128,0.16672944992575678
N,10.0,macro,rmscd_vs_ct_onset_discrete,63,0,0.7412731006160165,0.635523613963039,0.7987679671457907,2000,1953,1948,252,0.1293634496919918,0.1478243324487276,630,625,80,0.128,0.16672944992575678
N,10.0,macro,rmscd_vs_ct_own,63,0,0.7053388090349076,0.5965092402464066,0.7731006160164272,2000,1953,1948,287,0.1473305954825462,0.1802981974403508,630,625,100,0.16,0.20035579144445492
N,10.0,macro,rmscd_vs_ct_own_matched,63,0,0.7073921971252567,0.6078028747433265,0.7761806981519508,2000,1953,1948,285,0.14630390143737165,0.1802981974403508,630,625,101,0.1616,0.20132344132609248
N,10.0,macro,rmscd_vs_neg_window_end_accuracy,63,0,0.5190136348489229,0.37077476621949484,0.6484971402284387,2000,1953,1944,467,0.24022633744855967,0.20981341582183521,630,621,127,0.20450885668276972,0.22197957537455615
A,10.0,macro,rmscd_vs_ct_fixed,168,0,0.5671924285584719,0.5104338717976835,0.6040760193758846,2000,14028,13957,3011,0.21573404026653292,0.40603903227832205,4620,4597,979,0.21296497715901674,0.4413764741369537
A,10.0,macro,rmscd_vs_ct_onset_discrete,168,0,0.570194581299424,0.5128606119299534,0.6062454321303584,2000,14028,13957,2990,0.2142294189295694,0.40471841309219503,4620,4597,972,0.2114422449423537,0.4385062873175003
A,10.0,macro,rmscd_vs_ct_own,168,0,0.49556964173861184,0.44324283426208644,0.5353440320602824,2000,14028,13957,3512,0.2516300064483772,0.4679376645127795,4620,4597,1160,0.2523384816184468,0.49513207416947225
A,10.0,macro,rmscd_vs_ct_own_matched,168,0,0.48155959561416817,0.4323779005329261,0.5203016619378849,2000,14028,13957,3610,0.2586515726875403,0.479732691711948,4620,4597,1190,0.258864476832717,0.49942692939470046
A,10.0,macro,rmscd_vs_neg_window_end_accuracy,168,0,0.5575538421049497,0.49359160761379656,0.6222811078955311,2000,14028,14003,3095,0.22102406627151325,0.4471519670279438,4620,4595,989,0.21523394994559303,0.47413152696406424
B,10.0,micro,rmscd_vs_ct_fixed,27,0,0.6410256410256411,0.5384615384615385,0.7321937321937323,2000,351,351,63,0.1794871794871795,0.14544025157232543,108,108,16,0.14814814814814814,0.1735175202156296
B,10.0,micro,rmscd_vs_ct_onset_discrete,27,0,0.6410256410256411,0.5384615384615385,0.7321937321937323,2000,351,351,63,0.1794871794871795,0.14544025157232543,108,108,16,0.14814814814814814,0.1735175202156296
B,10.0,micro,rmscd_vs_ct_own,27,0,0.680911680911681,0.54985754985755,0.7435897435897437,2000,351,351,56,0.15954415954415954,0.15229110512129518,108,108,14,0.12962962962962962,0.1813230008984701
B,10.0,micro,rmscd_vs_ct_own_matched,27,0,0.6752136752136754,0.5555555555555557,0.7435897435897437,2000,351,351,57,0.1623931623931624,0.1549865229110523,108,108,15,0.1388888888888889,0.18137915543575733
B,10.0,micro,rmscd_vs_neg_window_end_accuracy,27,0,0.3639028235533582,0.26000106123098715,0.5107735442353779,2000,351,347,110,0.3170028818443804,0.32625786163521964,108,106,35,0.330188679245283,0.32951482479783945
N,10.0,micro,rmscd_vs_ct_fixed,63,0,0.6283367556468172,0.4965340343363102,0.7104722792607804,2000,1953,1948,362,0.18583162217659138,0.14746181491464494,630,625,102,0.1632,0.16644204851751798
N,10.0,micro,rmscd_vs_ct_onset_discrete,63,0,0.6293634496919918,0.4969199178644764,0.7104722792607804,2000,1953,1948,361,0.18531827515400412,0.14746181491464494,630,625,102,0.1632,0.16644204851751798
N,10.0,micro,rmscd_vs_ct_own,63,0,0.6211498973305954,0.48354722792607807,0.7073921971252567,2000,1953,1948,369,0.18942505133470225,0.15049415992812243,630,625,104,0.1664,0.17132749326145147
N,10.0,micro,rmscd_vs_ct_own_matched,63,0,0.6242299794661191,0.48862936344969204,0.7032854209445586,2000,1953,1948,366,0.18788501026694046,0.15111185983827458,630,625,100,0.16,0.17374213836477637
N,10.0,micro,rmscd_vs_neg_window_end_accuracy,63,0,0.3752022661429944,0.23161223273529485,0.5131796288895555,2000,1953,1922,598,0.31113423517169614,0.24393530997304058,630,605,183,0.30247933884297523,0.23910601976640145
A,10.0,micro,rmscd_vs_ct_fixed,168,0,0.6246844835644985,0.5566121232662532,0.6493471114358284,2000,14028,13957,2609,0.18693128895894534,0.33793800539083474,4620,4597,822,0.17881226887100282,0.38274932614554924
A,10.0,micro,rmscd_vs_ct_onset_discrete,168,0,0.6291163908743735,0.5600295896222973,0.6523999565311406,2000,14028,13957,2578,0.1847101812710468,0.3355795148247953,4620,4597,814,0.1770720034805308,0.3756738544474345
A,10.0,micro,rmscd_vs_ct_own,168,0,0.5649252172571497,0.5051048817914233,0.590560020537325,2000,14028,13957,3027,0.21688041842802894,0.4238544474393473,4620,4597,977,0.21252991081139874,0.5123539982030563
A,10.0,micro,rmscd_vs_ct_own_matched,168,0,0.5516294953275241,0.4904374444843332,0.576773026614772,2000,14028,13957,3120,0.2235437414917246,0.4506963162623503,4620,4597,995,0.21644550793996084,0.5440251572326984
A,10.0,micro,rmscd_vs_neg_window_end_accuracy,168,0,0.5463337779980021,0.4887283202898861,0.6102981886670724,2000,14028,13888,3132,0.2255184331797235,0.4131850853548946,4620,4536,1018,0.2244268077601411,0.4171159029649525
B,4.0,macro,rmscd_vs_ct_fixed,27,0,0.5954415954415955,0.4586894586894587,0.6524216524216525,2000,351,351,71,0.2022792022792023,0.061214155128154424,108,108,23,0.21296296296296297,0.08799805388930482
B,4.0,macro,rmscd_vs_ct_onset_discrete,27,0,0.5954415954415955,0.4586894586894587,0.6581196581196582,2000,351,351,71,0.2022792022792023,0.061214155128154424,108,108,23,0.21296296296296297,0.08799805388930482
B,4.0,macro,rmscd_vs_ct_own,27,0,0.6353276353276355,0.5156695156695158,0.7094017094017095,2000,351,351,64,0.18233618233618235,0.06041442744769965,108,108,20,0.18518518518518517,0.060871223215304804
B,4.0,macro,rmscd_vs_ct_own_matched,27,0,0.6410256410256411,0.5270655270655271,0.7094017094017095,2000,351,351,63,0.1794871794871795,0.060528291302455184,108,108,20,0.18518518518518517,0.060871223215304804
B,4.0,macro,rmscd_vs_neg_window_end_accuracy,27,0,0.5840455840455842,0.48148148148148157,0.7150997150997151,2000,351,351,73,0.20797720797720798,0.0734988139880417,108,108,19,0.17592592592592593,0.07857187673932087
N,4.0,macro,rmscd_vs_ct_fixed,63,0,0.5893223819301848,0.43429158110882965,0.6396303901437372,2000,1953,1948,400,0.2053388090349076,0.07652038933715444,630,625,132,0.2112,0.09673917238672347
N,4.0,macro,rmscd_vs_ct_onset_discrete,63,0,0.5903490759753595,0.4342659137577003,0.640682751540041,2000,1953,1948,399,0.20482546201232033,0.07652038933715444,630,625,132,0.2112,0.09673917238672347
N,4.0,macro,rmscd_vs_ct_own,63,0,0.5903490759753595,0.4527720739219713,0.6663501026694044,2000,1953,1948,399,0.20482546201232033,0.06384298274620548,630,625,125,0.2,0.08959783642192232
N,4.0,macro,rmscd_vs_ct_own_matched,63,0,0.5954825462012321,0.4578798767967146,0.6674024640657082,2000,1953,1948,394,0.20225872689938398,0.06458028196067778,630,625,125,0.2,0.08959783642192232
N,4.0,macro,rmscd_vs_neg_window_end_accuracy,63,0,0.5903490759753595,0.5195071868583163,0.7163112127963349,2000,1953,1948,399,0.20482546201232033,0.042906114236625825,630,625,139,0.2224,0.042920679485342283
A,4.0,macro,rmscd_vs_ct_fixed,168,12,0.49193214729002893,0.40256516342573434,0.5334377407382908,2000,14028,12085,3070,0.2540339263549855,0.15242233000301475,4620,3973,987,0.24842688144978606,0.15932723226667456
A,4.0,macro,rmscd_vs_ct_onset_discrete,168,12,0.4995448903599503,0.40950765411667356,0.5378155240142036,2000,14028,12085,3024,0.25022755482002484,0.15055729029133413,4620,3973,965,0.24288950415303298,0.1569536687141615
A,4.0,macro,rmscd_vs_ct_own,168,0,0.3882639535716845,0.33352081392849464,0.42380525900981586,2000,14028,13957,4269,0.3058680232141578,0.2128582850079841,4620,4597,1415,0.30780944093974333,0.2216413721473125
A,4.0,macro,rmscd_vs_ct_own_matched,168,0,0.3822454682238304,0.32692555706813786,0.4152110052303503,2000,14028,13957,4311,0.30887726588808484,0.21566903854101982,4620,4597,1429,0.31085490537306937,0.22340287464675157
A,4.0,macro,rmscd_vs_neg_window_end_accuracy,168,0,0.8049296032106382,0.7786980981603074,0.8516909077882068,2000,14028,13956,1361,0.09752077959300659,0.05326137783014584,4620,4596,447,0.09725848563968668,0.055260641332323335
B,4.0,micro,rmscd_vs_ct_fixed,27,0,0.47008547008547014,0.3561253561253562,0.5897435897435899,2000,351,351,93,0.26495726495726496,0.07821912650602547,108,108,27,0.25,0.08405496987951988
B,4.0,micro,rmscd_vs_ct_onset_discrete,27,0,0.48148148148148157,0.3561253561253562,0.5897435897435899,2000,351,351,91,0.25925925925925924,0.07200677710843584,108,108,26,0.24074074074074073,0.08400790662650826
B,4.0,micro,rmscd_vs_ct_own,27,0,0.4643874643874645,0.31609686609686616,0.5612535612535613,2000,351,351,94,0.2678062678062678,0.0896084337349412,108,108,26,0.24074074074074073,0.09845632530120718
B,4.0,micro,rmscd_vs_ct_own_matched,27,0,0.4643874643874645,0.3194612214539275,0.5612535612535613,2000,351,351,94,0.2678062678062678,0.0896084337349412,108,108,26,0.24074074074074073,0.09845632530120718
B,4.0,micro,rmscd_vs_neg_window_end_accuracy,27,0,0.6123089297870301,0.515653432843393,0.6942885481223063,2000,351,348,67,0.1925287356321839,0.06993599397590389,108,108,22,0.2037037037037037,0.06348832831325124
N,4.0,micro,rmscd_vs_ct_fixed,63,0,0.42670091265095533,0.295687885010267,0.5308008213552362,2000,1953,1947,558,0.28659476117103233,0.07275978915662829,630,625,171,0.2736,0.07454819277108626
N,4.0,micro,rmscd_vs_ct_onset_discrete,63,0,0.4308087433383292,0.295687885010267,0.5308264887063654,2000,1953,1947,554,0.28454031843862354,0.07177146084337527,630,625,170,0.272,0.07440700301205094
N,4.0,micro,rmscd_vs_ct_own,63,0,0.401026970854869,0.25356776180698154,0.5051591375770019,2000,1953,1947,583,0.2994350282485876,0.0869728915662642,630,625,169,0.2704,0.09629141566265531
N,4.0,micro,rmscd_vs_ct_own_matched,63,0,0.4051348015422428,0.2566735112936345,0.5068036110547448,2000,1953,1947,579,0.29738058551617874,0.0869728915662642,630,625,167,0.2672,0.09676204819277245
N,4.0,micro,rmscd_vs_neg_window_end_accuracy,63,0,0.6143602780882748,0.5419804374482295,0.6997066508037368,2000,1953,1926,368,0.19106957424714435,0.04819277108433684,630,618,107,0.17313915857605178,0.04480421686746894
A,4.0,micro,rmscd_vs_ct_fixed,168,12,0.5254665071318909,0.441261969587491,0.5587574479127835,2000,14028,12084,2867,0.23725587553790137,0.11295180722891596,4620,3973,902,0.22703246916687642,0.1083866716867492
A,4.0,micro,rmscd_vs_ct_onset_discrete,168,12,0.5296040386841104,0.4470166207759774,0.5633704336817748,2000,14028,12084,2842,0.23518702416418405,0.10970444277108737,4620,3973,896,0.22552227535867103,0.10697477409638667
A,4.0,micro,rmscd_vs_ct_own,168,0,0.390355748468182,0.33838128339375717,0.42300457935139285,2000,14028,13956,4254,0.30481513327601034,0.18458207831325635,4620,4597,1394,0.3032412442897542,0.1948418674698822
A,4.0,micro,rmscd_vs_ct_own_matched,168,0,0.3833339306726824,0.3322319711069475,0.41549747419905764,2000,14028,13956,4303,0.3083261679564345,0.1862763554216893,4620,4597,1403,0.30519904285403526,0.19728915662651136
A,4.0,micro,rmscd_vs_neg_window_end_accuracy,168,0,0.8058064466595902,0.7793701535042133,0.837460226008038,2000,14028,13886,1334,0.09606798214028518,0.05341679216867412,4620,4563,434,0.09511286434363357,0.05473456325301029
B,C4,macro,aaa4_vs_afa,27,0,0.8233618233618234,0.6410256410256411,0.8974358974358976,2000,351,351,31,0.08831908831908832,0.005539595570425326,108,108,9,0.08333333333333333,0.0064133045328232385
B,C4,macro,rmscd4_vs_afa,27,0,0.6638176638176639,0.4074074074074075,0.7321937321937323,2000,351,351,59,0.16809116809116809,0.06792997975995307,108,108,19,0.17592592592592593,0.05383089609649927
B,C4,macro,rmscd4_vs_aaa4,27,0,0.5441595441595443,0.31609686609686616,0.6923076923076924,2000,351,351,80,0.22792022792022792,0.08542437568362438,108,108,28,0.25925925925925924,0.07312883210690901
N,C4,macro,aaa4_vs_afa,63,0,0.8531827515400412,0.6529517453798768,0.8850102669404519,2000,1953,1948,143,0.07340862422997947,0.0034636540499958235,630,625,67,0.1072,0.0020355889222207213
N,C4,macro,rmscd4_vs_afa,63,0,0.6971252566735113,0.4907597535934292,0.7659137577002054,2000,1953,1948,295,0.15143737166324436,0.04370424583240462,630,625,110,0.176,0.030183915220655777
N,C4,macro,rmscd4_vs_aaa4,63,0,0.6303901437371664,0.433187885010267,0.7464065708418891,2000,1953,1948,360,0.18480492813141683,0.05454121702712089,630,625,129,0.2064,0.04415058250208359
A,C4,macro,aaa4_vs_afa,168,0,0.8809888698151437,0.8196581217250178,0.8992938011880062,2000,14028,13957,816,0.058465286236297195,0.007227980463293954,4620,4597,287,0.06243202088318468,0.006924331063358158
A,C4,macro,rmscd4_vs_afa,168,0,0.8179436622551473,0.7463181749556665,0.854943939250155,2000,14028,13957,1257,0.09006233431253134,0.04952803088053814,4620,4597,452,0.09832499456167065,0.044110258765059474
A,C4,macro,rmscd4_vs_aaa4,168,0,0.7923622554990328,0.7227197821881494,0.8426712083183937,2000,14028,13957,1449,0.10381887225048363,0.06706956852438672,4620,4597,517,0.11246465085925604,0.06488800834859365
B,C4,micro,aaa4_vs_afa,27,0,0.8445087052215349,0.7816977167542599,0.9243946638235719,2000,351,350,27,0.07714285714285714,0.004501607717041778,108,108,12,0.1111111111111111,0.004180064308681619
B,C4,micro,rmscd4_vs_afa,27,0,0.7018552077178971,0.5555555555555557,0.7663817663817665,2000,351,350,52,0.14857142857142858,0.06722266881029015,108,108,15,0.1388888888888889,0.047829581993569015
B,C4,micro,rmscd4_vs_aaa4,27,0,0.5669515669515671,0.47360961171207694,0.7037037037037038,2000,351,351,76,0.21652421652421652,0.08309887459807053,108,108,25,0.23148148148148148,0.08400321543408307
N,C4,micro,aaa4_vs_afa,63,0,0.8871177748760147,0.7807487350957212,0.9138644073304878,2000,1953,1941,108,0.05564142194744977,0.0028938906752410953,630,619,65,0.1050080775444265,0.0024115755627010516
N,C4,micro,rmscd4_vs_afa,63,0,0.7228358830819164,0.5805925927215394,0.7810917272067697,2000,1953,1945,269,0.13830334190231364,0.03617363344051494,630,624,81,0.12980769230769232,0.031551446945337513
N,C4,micro,rmscd4_vs_aaa4,63,0,0.6457586961539333,0.5448613874646514,0.7516798590761011,2000,1953,1942,343,0.17662203913491245,0.0411977491961415,630,620,121,0.19516129032258064,0.0462218649517685
A,C4,micro,aaa4_vs_afa,168,0,0.8645735220338748,0.8281226928577329,0.8900877354392593,2000,14028,13940,926,0.06642754662840746,0.008842443729903199,4620,4584,326,0.07111692844677138,0.0075562700964629526
A,C4,micro,rmscd4_vs_afa,168,0,0.8291639366909737,0.7851010806822202,0.8624447579801905,2000,14028,13945,1175,0.08425959125134456,0.04501607717041889,4620,4591,398,0.08669135264648224,0.04712620578778148
A,C4,micro,rmscd4_vs_aaa4,168,0,0.7857783001339951,0.7557410013992868,0.8363121352264052,2000,14028,13944,1491,0.10692771084337349,0.07013665594855256,4620,4588,535,0.11660854402789887,0.07033762057877846
B,21.5,macro,rmscd_vs_ct_fixed,27,0,0.8290598290598292,0.6923076923076924,0.8689458689458691,2000,351,351,30,0.08547008547008547,0.23928422906557678,108,108,11,0.10185185185185185,0.21277184099782787
B,21.5,macro,rmscd_vs_ct_onset_discrete,27,0,0.8290598290598292,0.6923076923076924,0.8689458689458691,2000,351,351,30,0.08547008547008547,0.23928422906557678,108,108,11,0.10185185185185185,0.21277184099782787
B,21.5,macro,rmscd_vs_ct_own,27,0,0.8062678062678064,0.6752136752136754,0.8575498575498577,2000,351,351,34,0.09686609686609686,0.23928422906557678,108,108,10,0.09259259259259259,0.2474245369910406
B,21.5,macro,rmscd_vs_ct_own_matched,27,0,0.8290598290598292,0.6980056980056981,0.8689458689458691,2000,351,351,30,0.08547008547008547,0.23928422906557678,108,108,10,0.09259259259259259,0.2474245369910406
B,21.5,macro,rmscd_vs_neg_window_end_accuracy,27,0,0.4131054131054132,0.20783475783475788,0.5555555555555557,2000,351,351,103,0.2934472934472934,0.7288548635365864,108,108,32,0.2962962962962963,0.7922380267840845
N,21.5,macro,rmscd_vs_ct_fixed,63,0,0.8059548254620124,0.6693788501026694,0.840888090349076,2000,1953,1948,189,0.09702258726899383,0.38075065250606066,630,625,74,0.1184,0.3643458943725024
N,21.5,macro,rmscd_vs_ct_onset_discrete,63,0,0.8059548254620124,0.6694045174537988,0.8418891170431213,2000,1953,1948,189,0.09702258726899383,0.38075065250606066,630,625,74,0.1184,0.3643458943725024
N,21.5,macro,rmscd_vs_ct_own,63,0,0.7843942505133471,0.6560574948665299,0.8285677618069814,2000,1953,1948,210,0.10780287474332649,0.37408677673771606,630,625,76,0.1216,0.5233552592932966
N,21.5,macro,rmscd_vs_ct_own_matched,63,0,0.7997946611909652,0.6745123203285421,0.842941478439425,2000,1953,1948,195,0.10010266940451745,0.3688966504622577,630,625,70,0.112,0.42601255459813814
N,21.5,macro,rmscd_vs_neg_window_end_accuracy,63,0,0.3257966777170467,0.16908263767290138,0.5248012557046126,2000,1953,1944,655,0.3369341563786008,0.5412819401761997,630,621,193,0.3107890499194847,0.5407820435596804
A,21.5,macro,rmscd_vs_ct_fixed,168,0,0.5351694659883148,0.45153449421328784,0.5839585862939235,2000,14028,13957,3235,0.23178333452747726,0.9773871405192054,4620,4597,1082,0.23537089406134434,1.0400429392755104
A,21.5,macro,rmscd_vs_ct_onset_discrete,168,0,0.5364561028772944,0.4533893957282332,0.5852076562066041,2000,14028,13957,3226,0.23113849681163573,0.9710563693334455,4620,4597,1076,0.2340656950184903,1.0306998462804202
A,21.5,macro,rmscd_vs_ct_own,168,0,0.545176641791489,0.4622564682881172,0.5923640496948128,2000,14028,13957,3165,0.22676793007093216,0.9407446726537625,4620,4597,1054,0.22927996519469218,1.029225497499234
A,21.5,macro,rmscd_vs_ct_own_matched,168,0,0.5335969097906732,0.45395051237148265,0.5839330040806385,2000,14028,13957,3246,0.23257146951350577,0.9786347367515571,4620,4597,1078,0.23450076136610834,1.0437528160926952
A,21.5,macro,rmscd_vs_neg_window_end_accuracy,168,0,0.508594256654126,0.41689871072363965,0.6025104338581305,2000,14028,14019,3444,0.24566659533490262,0.9325912602793105,4620,4611,1121,0.24311429191064846,0.9116200850382512
B,21.5,micro,rmscd_vs_ct_fixed,27,0,0.7606837606837609,0.6353276353276355,0.8062678062678064,2000,351,351,42,0.11965811965811966,0.44255390835578634,108,108,13,0.12037037037037036,0.695586253369262
B,21.5,micro,rmscd_vs_ct_onset_discrete,27,0,0.7606837606837609,0.6353276353276355,0.8062678062678064,2000,351,351,42,0.11965811965811966,0.44255390835578634,108,108,13,0.12037037037037036,0.695586253369262
B,21.5,micro,rmscd_vs_ct_own,27,0,0.7549857549857552,0.6296296296296297,0.800669698703568,2000,351,351,43,0.1225071225071225,0.5176886792452784,108,108,12,0.1111111111111111,0.6574292452829997
B,21.5,micro,rmscd_vs_ct_own_matched,27,0,0.7492877492877494,0.6353276353276355,0.8062678062678064,2000,351,351,44,0.12535612535612536,0.47026617250672764,108,108,14,0.12962962962962962,0.6574292452829997
B,21.5,micro,rmscd_vs_neg_window_end_accuracy,27,0,0.2927979059935583,0.1545078607873814,0.43840261420207716,2000,351,339,119,0.35103244837758113,1.2319743935309955,108,107,38,0.35514018691588783,1.214369946091642
N,21.5,micro,rmscd_vs_ct_fixed,63,0,0.731006160164271,0.6044991821250827,0.7905544147843943,2000,1953,1948,262,0.13449691991786447,0.3040768194069967,630,625,82,0.1312,0.29388477088946896
N,21.5,micro,rmscd_vs_ct_onset_discrete,63,0,0.7330595482546202,0.6047177171428904,0.7905544147843943,2000,1953,1948,260,0.13347022587268995,0.3031502695417698,630,625,82,0.1312,0.29388477088946896
N,21.5,micro,rmscd_vs_ct_own,63,0,0.7197125256673512,0.5882956878850103,0.7905544147843943,2000,1953,1948,273,0.14014373716632444,0.32008086253368084,630,625,89,0.1424,0.2921159029649285
N,21.5,micro,rmscd_vs_ct_own_matched,63,0,0.7248459958932238,0.5975359342915811,0.7864476386036963,2000,1953,1948,268,0.1375770020533881,0.3169642857142838,630,625,88,0.1408,0.30559299191373235
N,21.5,micro,rmscd_vs_neg_window_end_accuracy,63,0,0.2838033408498988,0.09609039506439145,0.408292804097378,2000,1953,1907,680,0.356581017304667,0.8174696765498553,630,611,209,0.34206219312602293,0.6553234501347642
A,21.5,micro,rmscd_vs_ct_fixed,168,0,0.6189658934872402,0.5558955372979987,0.6365576249339169,2000,14028,13957,2649,0.1897972343626854,1.0443059299191102,4620,4597,863,0.18773112899717206,1.1095013477088767
A,21.5,micro,rmscd_vs_ct_onset_discrete,168,0,0.6209674000142805,0.5575765570536672,0.6379813456872273,2000,14028,13957,2635,0.18879415347137637,1.0392520215633159,4620,4597,861,0.18729606264955406,1.103605121293846
A,21.5,micro,rmscd_vs_ct_own,168,0,0.633977192440043,0.5742963548825466,0.6518483675563629,2000,14028,13957,2544,0.18227412767786774,0.9720350404312459,4620,4597,843,0.18338046552099196,1.059130727762776
A,21.5,micro,rmscd_vs_ct_own_matched,168,0,0.6165354927044053,0.5526266744722461,0.6317140696892278,2000,14028,13957,2666,0.19101526115927492,1.0542452830188438,4620,4597,868,0.1888187948662171,1.1097540431266664
A,21.5,micro,rmscd_vs_neg_window_end_accuracy,168,0,0.5588153981065394,0.4852922838396671,0.6146867542903872,2000,14028,13866,3037,0.21902495312274628,1.308119946091681,4620,4562,1003,0.21985971065322227,1.3498989218328799
