set,horizon,weighting,evaluations,undefined,frequency_different,delta_rmscd_median,delta_rmscd_mean,delta_rmscd_lo,delta_rmscd_hi,delta_accuracy_median,delta_accuracy_mean,delta_accuracy_lo,delta_accuracy_hi
B,10.0,macro,1000,0,0.663,0.3923151771280078,0.3205958273485896,0.0,0.77879676765634,0.0,0.0036706594320235,-0.02297541725741044,0.03867589521685398
N,10.0,macro,1000,0,0.676,0.36673404192485926,0.3157311765292004,0.0,0.7800992170636031,0.0,0.0053208357798133574,-0.026303228552798978,0.046300402297007284
A,10.0,macro,1000,0,0.624,0.07979061039849533,1.1039369665381356,-0.06293223391543534,3.517913959645455,0.0,0.0014005549594582503,-0.020005343010262605,0.03426956108368698
B,10.0,micro,1000,0,0.438,0.0,0.3257155455897644,-0.10587361083711473,1.1349851859583768,0.0,0.002585939085420806,-0.0106956646294882,0.02139324938186421
N,10.0,micro,1000,0,0.439,0.0,0.327695426707964,-0.10587361083711473,1.1349851859583768,0.0,0.002688791808446019,-0.0106956646294882,0.021543985637342833
A,10.0,micro,1000,0,0.505,0.0,0.2608668492664045,-0.35836659655383907,1.1023770864260976,0.0,-0.006575763681463787,-0.05347832314744078,0.017954128618110906
B,4.0,macro,1000,0,0.547,0.05218576275435205,0.080744353156252,0.0,0.2601434596111319,0.0,0.007054584354686997,-0.0059085786330221575,0.03001839117329686
N,4.0,macro,1000,0,0.607,0.05315441106589547,0.07745388467214605,-0.005384638727020448,0.2605546450471589,2.4298967203878474e-05,0.007571685712622779,-0.006068729533583651,0.035480643069771924
A,4.0,macro,1000,0,0.644,0.05578826897821454,0.069441188136933,-0.025935872451801355,0.2337502130212582,0.0,0.0043332761058025165,-0.013469250109595241,0.029031840586454832
B,4.0,micro,1000,0,0.47,0.0,0.08532496803982181,-0.021098416613402438,0.2647463950139669,0.0,0.004527435901877393,-0.004545454545454519,0.03915810300023617
N,4.0,micro,1000,0,0.486,0.0,0.08462948839177781,-0.019994777569048917,0.26292722671306346,0.0,0.005185486867337793,-0.00455252501026239,0.03736920777279523
A,4.0,micro,1000,0,0.536,0.0,0.07054608898902168,-0.05178694542027855,0.24490578712844083,0.0,0.0004470770577373877,-0.02373975423388785,0.029990669317909027
B,21.5,macro,1000,0,0.66,1.7800879183030984,1.3507067718398276,0.0,2.816298419231552,0.0,0.001538655320743328,-0.04269082030377051,0.050241794506502784
N,21.5,macro,1000,0,0.666,1.7868757375262447,1.3581006602485854,0.0,2.816298419231552,0.0,0.0027157629404694753,-0.04288478651524895,0.06271992739382128
A,21.5,macro,1000,0,0.66,1.4061153575258478,1.2917871824553804,-0.13830764434396972,3.717164557948984,0.0,-0.0047627520290319065,-0.04040749152666159,0.026863540472633424
B,21.5,micro,1000,0,0.336,0.0,0.6660440527883459,-0.34876308618958946,3.6225377991129997,0.0,0.004428315895575499,-0.018620764645485153,0.04076643799002134
N,21.5,micro,1000,0,0.337,0.0,0.669080658333243,-0.3440380512091049,3.5941733291169355,0.0,0.004694694255265134,-0.018520981087470474,0.04200029086074008
A,21.5,micro,1000,0,0.562,0.0,0.4126852549217962,-0.8786191408976692,3.311577018229167,0.0,-0.012162083575907314,-0.061836312118570186,0.029500633815129924
