horizon,group,n_systems,class_code,n,train_share,accuracy,accuracy_lo,accuracy_hi,error_area,error_area_lo,error_area_hi,retracted_area,retracted_area_lo,retracted_area_hi,rmscd,rmscd_lo,rmscd_hi
10.0,all27,27,0,69,0.051094890510948905,0.2222222222222222,0.16979456018518518,0.2761044351561592,7.744363929146537,7.190593734968735,8.257586606002555,0.3804347826086956,0.29046886273448774,0.4805937718378756,8.124798711755234,7.621709952467723,8.578715175610668
10.0,all27,27,1,176,0.17274939172749393,0.23674242424242423,0.19540083926290824,0.276718661152224,7.6334175084175095,7.239217701866124,8.02920369959858,0.5823337542087542,0.4878383595936619,0.6855853838338785,8.215751262626263,7.878918003517083,8.549208813723622
10.0,all27,27,2,389,0.2846715328467153,0.3414262591640484,0.31195460848882883,0.37010155316606924,6.556031610016185,6.264768685421961,6.8467627077577164,0.6635009045034754,0.602923147420941,0.7242232008677525,7.2195325145196625,6.952730468279948,7.501396884767421
10.0,all27,27,3,126,0.13138686131386862,0.10758377425044091,0.0766352923171105,0.14187126445228296,8.966710758377424,8.646285154375864,9.26253698482317,0.30526161081716635,0.22565222473088853,0.39287319177627783,9.271972369194591,8.998831359863969,9.50677667662968
10.0,all27,27,4,353,0.36009732360097324,0.6433742524394083,0.6091949641482918,0.6766356096474856,3.5364993180148994,3.2059334948951888,3.883682544790107,0.7330684083516944,0.6617345875345793,0.8066043651135211,4.269567726366593,3.936695161101976,4.609223287278174
10.0,round1,9,0,69,0.051094890510948905,0.10466988727858294,0.06423427719092331,0.15015456633103694,9.04669887278583,8.650249094202898,9.40368777056277,0.36996779388083734,0.2426414884135472,0.5021970091188422,9.416666666666666,9.098087119794396,9.684917401351088
10.0,round1,9,1,176,0.17274939172749393,0.17803030303030307,0.1363889159390182,0.2209811002397193,8.27114898989899,7.873696450428397,8.641945058370169,0.6455965909090909,0.5185439992411011,0.7939980158730158,8.916745580808081,8.63480315888143,9.196124383746168
10.0,round1,9,2,389,0.2846715328467153,0.4687232219365895,0.42795014693598527,0.5066412823364992,5.315659811482433,4.936112393951833,5.712641404176634,0.8054841473864609,0.715070238002695,0.8993896624180291,6.121143958868895,5.745467029598569,6.49890748384781
10.0,round1,9,3,126,0.13138686131386862,0.10405643738977072,0.06751602564102566,0.1466706349206349,9.03968253968254,8.658553685897436,9.362463732822189,0.37323633156966485,0.24433493589743588,0.514394372988123,9.412918871252206,9.109831541518123,9.659984764572377
10.0,round1,9,4,353,0.36009732360097324,0.6672961913755115,0.6285077506668416,0.7071337600387575,3.2546820900220332,2.8835533601730248,3.6352040138224346,0.8946726471514008,0.7780070323261019,1.0152306524003678,4.149354737173434,3.7697988010556136,4.528481798504525
10.0,round2,18,0,69,0.051094890510948905,0.2809983896940419,0.218938138635736,0.34743485853560474,7.093196457326893,6.415576645374821,7.7111406457069105,0.3856682769726248,0.2932609546165884,0.48668258101851836,7.478864734299517,6.843181939763547,8.065697647430182
10.0,round2,18,1,176,0.17274939172749393,0.26609848484848486,0.22281315936895146,0.31007553522099446,7.314551767676769,6.881781440191947,7.758267955327436,0.550702335858586,0.46030445629082256,0.6460860136359938,7.865254103535354,7.477948952340895,8.263257242183306
10.0,round2,18,2,389,0.2846715328467153,0.2777777777777778,0.2510368474160135,0.3048284832812197,7.176217509283061,6.904327831168388,7.448314902111317,0.5925092830619823,0.5283757574028867,0.6554310735796476,7.768726792345045,7.520803741090933,8.024237187805888
10.0,round2,18,3,126,0.13138686131386862,0.10934744268077601,0.07916447697697697,0.14278779510504658,8.930224867724867,8.611075102880656,9.228818802085511,0.27127425044091713,0.2014983878331336,0.34546508972705775,9.201499118165785,8.921057529795728,9.446212651727356
10.0,round2,18,4,353,0.36009732360097324,0.6314132829713567,0.5970604043730845,0.6646111841624661,3.677407932011332,3.3465441656783907,4.023316136384318,0.6522662889518415,0.5894550494775969,0.7153350207270409,4.329674220963174,3.997013245884774,4.6844930459241825
4.0,all27,27,0,80,0.051094890510948905,0.21111111111111108,0.16666666666666663,0.25926990208599404,3.1378472222222222,2.9394261930199432,3.3208707647887756,0.12690972222222222,0.09953559027777778,0.15754410018993342,3.2647569444444446,3.0815172335505374,3.4267362813180826
4.0,all27,27,1,210,0.17274939172749393,0.24656084656084656,0.21014990346587573,0.28395214521452145,3.0020282186948855,2.8564180546246263,3.1470104412377853,0.18172398589065256,0.15522896506312078,0.2111533592771516,3.1837522045855375,3.0555065924772715,3.314340324353528
4.0,all27,27,2,446,0.2846715328467153,0.3629795714997509,0.33408534830838765,0.39181769054098387,2.5234803188839066,2.408489646773873,2.638696054902952,0.196354426175054,0.17803764592830723,0.2153724067196022,2.7198347450589604,2.6103008524397424,2.8298340673934077
4.0,all27,27,3,154,0.13138686131386862,0.0921115921115921,0.06802127527424226,0.12037175648702593,3.608676046176046,3.4993951682559428,3.7074767131119795,0.09163059163059162,0.06934305755299881,0.11676876132791886,3.7003066378066385,3.597417227833894,3.786061596694745
4.0,all27,27,4,438,0.36009732360097324,0.6358870285810925,0.6039606693402864,0.6675639329805995,1.4509238119397936,1.3278579165691131,1.5754388883594859,0.16725858278369696,0.1492384641526287,0.18618424440483264,1.6181823947234908,1.4925932999799059,1.7464386748239347
4.0,round1,9,0,80,0.051094890510948905,0.08055555555555556,0.04938271604938271,0.11544300144300142,3.646701388888889,3.4980960038986355,3.7819871735649175,0.13090277777777778,0.08307074280541263,0.1847942237295433,3.777604166666667,3.6660027995216353,3.8739880952380945
4.0,round1,9,1,210,0.17274939172749393,0.182010582010582,0.1454631299301706,0.21818362193362195,3.2706349206349206,3.1287955744344336,3.413633851896272,0.21289682539682542,0.16891832260446815,0.2602890221706811,3.483531746031746,3.3667418575284533,3.6006538591169535
4.0,round1,9,2,446,0.2846715328467153,0.4880418535127055,0.4505274500907441,0.5262689393939393,2.03182610861983,1.8840532036613271,2.1829767747020608,0.21829845540607873,0.19043953043953044,0.24694449058286083,2.250124564025909,2.10137451417541,2.396377409241373
4.0,round1,9,3,154,0.13138686131386862,0.07864357864357864,0.05104950841252212,0.11262308576398596,3.6414141414141414,3.508224756006006,3.758339997445667,0.10398629148629149,0.06639685384309041,0.14579297550649434,3.745400432900433,3.620738118559659,3.8421397487838367
4.0,round1,9,4,438,0.36009732360097324,0.6659056316590564,0.6300744732545004,0.7028317741852381,1.3331747843734145,1.1949579228243021,1.4712276475139847,0.18509005580923388,0.15542783638334343,0.21785814560960576,1.5182648401826482,1.3736520215769308,1.6586570945945944
4.0,round2,18,0,80,0.051094890510948905,0.2763888888888889,0.2196350916997542,0.33335027100271,2.883420138888889,2.6403911336167964,3.1038965163393515,0.12491319444444444,0.09500633310957678,0.1584246068218954,3.0083333333333337,2.773680911680912,3.2187806786216595
4.0,round2,18,1,210,0.17274939172749393,0.2788359788359789,0.2380163021308472,0.3186203149920254,2.8677248677248675,2.7113219571085314,3.0298124771230874,0.16613756613756617,0.140352538543328,0.1945287884192378,3.0338624338624336,2.8862165266271527,3.182237877955185
4.0,round2,18,2,446,0.2846715328467153,0.3004484304932735,0.2727503420771592,0.32791535011419987,2.769307424015944,2.6602040855746045,2.875867733938962,0.1853824115595416,0.1663161343723969,0.20515421721167365,2.9546898355754854,2.853614448428833,3.0589463058782638
4.0,round2,18,3,154,0.13138686131386862,0.09884559884559883,0.0735920573948743,0.12623617146335828,3.5923069985569986,3.4854093486955398,3.690491131469658,0.0854527417027417,0.06435831971677561,0.10691729247416017,3.67775974025974,3.5787340245960935,3.7641388520483345
4.0,round2,18,4,438,0.36009732360097324,0.6208777270421105,0.5873971153430928,0.6516106401135736,1.5097983257229832,1.3866261960114767,1.6388734266522065,0.15834284627092848,0.1415416991478929,0.17646265245533546,1.6681411719939119,1.5448067349079218,1.8000393312555723
