video_id,source_cluster_id,split,anchor_s,post_anchor_length_s,class_name
MxiC2UdOzE8_0_00,MxiC2UdOzE8,dev,24.791433,14.347666999999998,t-bone
aMOOElIYyiU_00,aMOOElIYyiU,dev,3.083333,26.875,rear-end
AEzHgZ0xjlk_00,AEzHgZ0xjlk,dev,13.125,16.75,single
lgU3T6kySLw_00,lgU3T6kySLw,dev,3.291666,26.666667,single
Sv7nUzdTUDo_00,Sv7nUzdTUDo,dev,7.625,15.375,single
DksclwuFCXI_00,DksclwuFCXI,dev,4.916665999999999,20.708334,single
ApyekBAgfg8_00,ApyekBAgfg8,dev,4.0,25.958333,head-on
lj2jsTChFEo_00,lj2jsTChFEo,dev,6.533,21.134,single
TvdgqAnb3QM_00,TvdgqAnb3QM,dev,10.125,19.833,single
mOwuW8t6-GQ_4_00,mOwuW8t6-GQ,dev,25.64,27.6,t-bone
yA0g2eWjmNs_00,yA0g2eWjmNs,dev,4.875,25.042,single
EzI5Rn3z4ew_00,EzI5Rn3z4ew,dev,5.1,24.866999999999997,rear-end
Aj5AlGboqeI_00,Aj5AlGboqeI,dev,2.633,24.7,single
mOwuW8t6-GQ_2_00,mOwuW8t6-GQ,dev,5.76,11.76,head-on
ao3VuM_p4_8_00,ao3VuM_p4,dev,1.4340000000000002,23.766000000000002,single
I2qAsVRZSkc_00,I2qAsVRZSkc,dev,7.933,22.034,single
jnarvwUc5NU_00,jnarvwUc5NU,dev,9.166666,20.791667,rear-end
video26_00,video26,dev,10.68,22.479999999999997,rear-end
pMA26OVWUOY_00,pMA26OVWUOY,dev,3.437,11.593000000000002,single
20zWZEGQ7GY_00,20zWZEGQ7GY,dev,9.583,20.334000000000003,t-bone
