lr,arm,delay_mean,delay_min,delay_max,error_mean,error_min,error_max,retracted_mean,retracted_min,retracted_max,endpoint_mean,endpoint_min,endpoint_max
0.0003,gru_ce,5.74022272986273,5.559521030821031,5.923203936803937,5.272899202279203,5.065728412328413,5.494774125874127,0.46732352758352763,0.3546897953897954,0.5764230769230769,0.46890753690753684,0.4465551929551929,0.4884355348355348
0.0003,gru_ema0.05,5.521984801864802,5.207227894327895,5.886951981351981,5.185505925925926,4.966037580937582,5.549007614607615,0.3364788759388759,0.1455827505827505,0.4630288267288267,0.4689512975912976,0.4378844858844859,0.5028301476301477
0.0003,gru_ema0.1,5.593613234913235,5.305787956487957,5.889111888111888,5.221592504532505,4.992959155659156,5.533182854182854,0.37202073038073036,0.2394830354830355,0.5152432789432789,0.46717107485107484,0.4432716912716913,0.5028301476301477
0.0003,gru_ema0.25,5.65742874902875,5.490328774928775,5.839142165242166,5.255639689199689,5.029811499611499,5.487761460761461,0.40178905982905977,0.3505541828541828,0.4605172753172754,0.4642518725718726,0.4432716912716913,0.4975264439264439
0.0003,gru_ema0.5,5.691324164724165,5.563386868686869,5.852455892255893,5.267679922299922,5.065403833203833,5.500464983164983,0.4236442424242425,0.3519909090909091,0.5344787101787102,0.46657135457135457,0.4432716912716913,0.4884355348355348
0.0003,gru_suffix,5.787112116032117,5.584936648536648,6.078864257964258,5.367899611499611,5.18045236985237,5.6652347837347845,0.41921250453250447,0.4039839160839161,0.4467569282569282,0.4571547267547268,0.4291793835793836,0.4848153328153328
0.0003,gru_time,5.832480471380472,5.489514374514375,6.009456047656048,5.341972701372702,5.0281295001295,5.590977855477856,0.49050777000777,0.4021557368557368,0.607581092981093,0.4535148821548821,0.4284568764568765,0.4800381248381248
0.0003,mean_ce,5.266690743330743,5.025974980574981,5.593666226366226,5.020886982646983,4.863672623672624,5.256690002590003,0.24580376068376064,0.1623023569023569,0.3369762237762237,0.49265578865578863,0.4588349132349132,0.5151705775705776
0.0003,transformer_ce,6.711099715099715,6.666107433307433,6.780393706293706,5.979423962703963,5.85493594923595,6.157869593369593,0.7316757523957524,0.622524112924113,0.8244351981351982,0.397880259000259,0.3807320383320384,0.4129172753172753
0.001,gru_ce,5.722260865060865,5.536407381507382,6.060385780885781,5.43342921004921,5.267301243201244,5.725319994819995,0.288831655011655,0.2691061383061383,0.3350657860657861,0.4506014814814815,0.4315679875679876,0.4708637140637141
0.001,gru_ema0.05,5.644349065009065,5.417997668997669,6.025316576016577,5.339605703185703,5.194708624708625,5.725848717948718,0.3047433618233618,0.1975184667184667,0.4251222999222999,0.44850125874125873,0.4238756798756798,0.4721560217560218
0.001,gru_ema0.1,5.6688355659155665,5.396535405335405,5.979912872312872,5.389005376845377,5.232249598549599,5.77950240870241,0.27983018907018903,0.1616719502719502,0.3617841750841751,0.4523189225589226,0.4315679875679876,0.4721560217560218
0.001,gru_ema0.25,5.692633607873608,5.486556591556592,5.97004327894328,5.41492663040663,5.2462452991453,5.750388319088319,0.2777069774669775,0.2196549598549598,0.3195666148666148,0.45213994301994304,0.4315679875679876,0.472463714063714
0.001,gru_ema0.5,5.7054430769230775,5.545028464128464,5.964384434084435,5.427687889147889,5.263845221445222,5.733433177933177,0.2777551877751877,0.2309512561512561,0.2977617197617198,0.4506014814814815,0.4315679875679876,0.4708637140637141
0.001,gru_suffix,5.813132540792541,5.623109867909868,6.016181377881378,5.4924209324009325,5.34723038073038,5.768488578088578,0.32071160839160834,0.2259799792799792,0.5488267288267288,0.4491971613571614,0.4360428904428905,0.4591600103600104
0.001,gru_time,5.7764850608650615,5.5495604247604255,6.141977984977984,5.434105786065786,5.246040145040145,5.76006317016317,0.34237927479927477,0.2896598549598549,0.4030265216265216,0.4467792592592592,0.4161833721833722,0.4654537166537166
0.001,mean_ce,5.6817114737114744,5.606948821548822,5.859886583786584,5.261947521367522,5.103361201761202,5.444347681947682,0.41976395234395236,0.357781326081326,0.5088353794353795,0.4615478684278685,0.449370214970215,0.4786113442113442
0.001,transformer_ce,6.620159673659674,6.336419425019425,6.774248484848485,5.9314944159544165,5.736009842009842,6.067625356125356,0.6886652577052577,0.4541158767158767,0.9198524993524994,0.41312725200725203,0.3947354571354571,0.4376777000777001
