path	sha256_original	sha256_released
accident/outputs/r2b/metrics/3fb251dc210c/r2__clipb16__gru128__ringel__seed20260903.json	98efdc5637bc396475bd15cbccc92945b8616936086e8ba3812f04b4bc0ab47e	0dcf9a2a7d255d84ca81b57ad70b5e3fbc191ba1de1b6c8d6b604a650800e308
accident/outputs/r2b/metrics/3fb251dc210c/r2__clipb16__gru128__ringel__seed20260904.json	557a71a8976d07becc565731eb80d187320e900dc1b521ebbe3ad2596fe1043a	b4978214ee2fd2677d40cf32184ec3703101a7b05878fa4eff81fd64299c7372
accident/outputs/r2b/metrics/3fb251dc210c/r2__clipb16__gru128__ringel__seed20260905.json	875860a971abad3d4e557b191039e5ef789b4ef88741cff11a71ada369be5dc7	8fe5829a9ca9fb1a60c0bf615f2057f36a744a2b777d0f352d1ea2903f0d8e82
accident/outputs/r2b/metrics/3fb251dc210c/r2__clipb16__gru128__teaser__seed20260903.json	07b52a260d7419be7434a9fb490c46835a62331956c907e65220916e0fba3431	aced7e3dde97b207748a6f354136bcc54dd814f621cf9b08e7c3af6b148a6a56
accident/outputs/r2b/metrics/3fb251dc210c/r2__clipb16__gru128__teaser__seed20260904.json	da045bcf7ce59ba86aa583ad7bc83166793c5e38b5293a73718ec7fa8e7559af	ad4774aaa7313903fb2ef15632ab4bb2ebe3104bf068b4d506935322b910b1b0
accident/outputs/r2b/metrics/3fb251dc210c/r2__clipb16__gru128__teaser__seed20260905.json	da97fd5c4cd1747c63d45cc1707fe3b4f6aeb61d62e3136edf37396777401922	e931c8c13955c23536d6da873b39e8b8be33f935ab0e566158f712c6deab7cf8
accident/outputs/r2b/metrics/3fb251dc210c/r2__clipb16__gru512__ringel__seed20260903.json	d1f726084024757269566ed48cc41153df93d5abbf54b1de2908414372f08f6f	ce44caf439929abf58fbab692a397717fcbe15844bf730cbd37c66fdfb50d967
accident/outputs/r2b/metrics/3fb251dc210c/r2__clipb16__gru512__ringel__seed20260904.json	c15ef07ee1beabe7c2be9f4573711337bf656d0a63d7338bb9cda2bfef8dee88	53d1a46944268309fdec070292ce7f026fc94ee4d8b56e82f1db328d4e31028b
accident/outputs/r2b/metrics/3fb251dc210c/r2__clipb16__gru512__ringel__seed20260905.json	46a369c5dedc821de65fcb72e54871717b21722b0e846417f160ad9c7b3d68b2	6cba6e274b813ee1a5dace252323842273d6fc9b85b4a27ef07de4e70d1b7f68
accident/outputs/r2b/metrics/3fb251dc210c/r2__clipb16__gru512__teaser__seed20260903.json	d9c093ae6ff35b3d7879c3caa0c0a62b2bfac9d2ecfad0e662e48cbacb35c8e5	f5d7486ff2268c865d741f9c1723fd1b12f4056b74c4f504a355fc94f4fa4ff5
accident/outputs/r2b/metrics/3fb251dc210c/r2__clipb16__gru512__teaser__seed20260904.json	e4a09b8a50a466a555943314e47a3e9a3c07b3fe33a01888303be6d8e3629d10	5416bd5d4c2755cf201f1efae33ecb0ce5e8d25133b33b017e7933083de9c903
accident/outputs/r2b/metrics/3fb251dc210c/r2__clipb16__gru512__teaser__seed20260905.json	130953fe578e04c88cd39ea767e65d619593380458819788a79070a36defe186	8b93e5bb74fb5cd64149745bb4f97dd22f8ee1fb2e79191adaf6aeaadac306e2
accident/outputs/r2b/metrics/3fb251dc210c/r2__r18__gru128__ringel__seed20260903.json	2977a7087e4135a7e88d57759810323a53f55556eabb15959cac0a6e6388449e	62efaf2687250a5cc958324126061ee3869f1967ada495390eac6508ef4092d1
accident/outputs/r2b/metrics/3fb251dc210c/r2__r18__gru128__ringel__seed20260904.json	10c9a78ab82da9a466b83ac87526d5867239aefc5ef1d43218023d41b4dce645	4af38b3cdc68d8be1f26271c4dd2523924381f33e9367e9d4cf09a696dadf973
accident/outputs/r2b/metrics/3fb251dc210c/r2__r18__gru128__ringel__seed20260905.json	f51a12fb7bb17eede488b8396b0a4055a82da92615bb2d9e1d45f904c6507e2f	b0edf434a0d544e50a561dc424566ee6f8d6305bd76b6aaceb255eae8f8fd1cc
accident/outputs/r2b/metrics/3fb251dc210c/r2__r18__gru128__teaser__seed20260903.json	4f4541ee6e4484fef6aecd292befa109931fc035316289205646fcddfe88d1f6	95deecf4b4f42e9a87485034ba411e17db47f959429ae42cc54ff009eebd1e9b
accident/outputs/r2b/metrics/3fb251dc210c/r2__r18__gru128__teaser__seed20260904.json	40a36de1cead66a97001a2b3aa7060ea5bd528f13905466fa91d7cb18455ae3c	8d6f95d2e2afa6dffc2606ddb785c00633e384f89c4d4f032b4679d743f368dc
accident/outputs/r2b/metrics/3fb251dc210c/r2__r18__gru128__teaser__seed20260905.json	fd0b3a0b683c60d1c06c584d919eda00f2b14c2750bbfe825ab6b8fce1940a01	be57f2c302b4778c8fc5fc676436e9714af4f0532ab2ff10ac8360282a546a5a
accident/outputs/r2b/metrics/3fb251dc210c/r2__r18__gru512__ringel__seed20260903.json	d94434d3306318c8ce14732552e5b23adf9b042575249edb46e09a5171b0a070	cd2b78e877c8b298ca9652b67b025e101ea16371f8cf2e9798a5bfabebc19a6b
accident/outputs/r2b/metrics/3fb251dc210c/r2__r18__gru512__ringel__seed20260904.json	16d2c0e294f1824cc2ce343406846d2de81b6dd0a2e185e45685f271ec0d066b	22daf78ececcf79f3a2c97b5c72eb2e94a711b7234794fbb6a759c7bed575371
accident/outputs/r2b/metrics/3fb251dc210c/r2__r18__gru512__ringel__seed20260905.json	44d375bc3f740eddfa08d8e67d813bf87cc89c2ae69eaaecb9b4eb2cb56d4920	425860dc91b180c94f1e5780581cf02f1c86929262a3b75b31ab4841fc21c1f3
accident/outputs/r2b/metrics/3fb251dc210c/r2__r18__gru512__teaser__seed20260903.json	0f5746ccc90c563229a7c616372727225d596ff6108b686a7e2d3a141100e9fb	48dcf63d634e6a094c6589eb74ab949977a03dc2939a0130311582de42edd4cf
accident/outputs/r2b/metrics/3fb251dc210c/r2__r18__gru512__teaser__seed20260904.json	213f4df69c11b8d89c8d6fcf0949e341b0955879a3dd5cbcfa3643dcfeba5952	10c2ad5796681d4e2f7ad822d81fdde21b9eb52327a6616c73dc9095f191a43c
accident/outputs/r2b/metrics/3fb251dc210c/r2__r18__gru512__teaser__seed20260905.json	528cb14a3fb25cd00e3607a24ffa8dae7251ff66bdb2e7a5eac9e700628e1416	14821956561414cf11772e3fac5b44c8c641587fab0d748a5bcdbe8c2f125b34
accident/outputs/r2b/metrics/77200b351bf1/r2__clipb16__gru128__ringel__seed20260903.json	94ccc8c1977ce9e568f0d1bb300741b044bb53ea4a1930bcd51d62d36fd92a5b	0cf2368106826d99e88bca1a4370c70c7da5b6db613a1adc0477496c92ddc7be
accident/outputs/r2b/metrics/77200b351bf1/r2__clipb16__gru128__ringel__seed20260904.json	4443762e6bf703eee24b7ff1cfea9a34c965bab759ba22b0c4c6317f8a51137a	660221eff8bfd918ad099bb8b72a32650976b83bb9263bc0db6a9d8a35cebe87
accident/outputs/r2b/metrics/77200b351bf1/r2__clipb16__gru128__ringel__seed20260905.json	23ead16adcb2edf16ce7fb1250c5627d642bba0c12bf404cb886998eb50bdf36	596a09c938bf538fb3c83251809ef41f373dda45c47375e0e96f5ed92b720b62
accident/outputs/r2b/metrics/77200b351bf1/r2__clipb16__gru128__teaser__seed20260903.json	63b2645af6eaa931069f96a4a083bcdae916ca0e3cfdf921cd310efe72f9860c	95cf29e6e5a28281a1d62713a416e22d9932ce4acba6c04d1d9b28167a5cc1f8
accident/outputs/r2b/metrics/77200b351bf1/r2__clipb16__gru128__teaser__seed20260904.json	4beac8ae4992a66596c84456b48146d1ed825dce81d5a3a9bc725a2dcff8bdcf	a39881f8bed8983a626701e3273e35d512f919f72011366d9c1239c1c92a60db
accident/outputs/r2b/metrics/77200b351bf1/r2__clipb16__gru128__teaser__seed20260905.json	bf8f53bf13528c1c95f5f9d1cd1336ed17af821ab89609de2dde554d642a621a	6b70682ef216e92ac5e858f074640fe2a1c0c2ed662986f125238db0cd25b354
accident/outputs/r2b/metrics/77200b351bf1/r2__clipb16__gru512__ringel__seed20260903.json	641a7d186de6489ab02ef88d0b518be08189ac28412a0e7e38aa2f8e07b23e44	a44a434a6d07dbbe61d1af2d1a4de0b4cacdc658910726c53df11a2984ab5685
accident/outputs/r2b/metrics/77200b351bf1/r2__clipb16__gru512__ringel__seed20260904.json	5c91df997a129eee4139232578f21da88d0b98145aa249c18898823498931802	4ac9340d178e9dcfa8533c55013500601abcc595ec5337bb2cef1c5457ff73b0
accident/outputs/r2b/metrics/77200b351bf1/r2__clipb16__gru512__ringel__seed20260905.json	3f9b4ab20a2d920985f10c3985b204e5ad0bfdc99c49f42c8a714092a594c65a	4857417a21f3518bae250995bc5f117f60853857467e3be44969ad31390747a9
accident/outputs/r2b/metrics/77200b351bf1/r2__clipb16__gru512__teaser__seed20260903.json	b44236c9f06985b935962dbf03fa5b8f8b6e65151a2b71aa625b0fccf90e5abf	ea0354f34ae9540abab0d3e40427778b5fbdcddc6eaca53a68b0e12fdb70525f
accident/outputs/r2b/metrics/77200b351bf1/r2__clipb16__gru512__teaser__seed20260904.json	2880d18288581a2ca3ef09895991dd692bce0dda649b5416bbdcc041adee12fe	b6504180df42bc9adef02170d1ab4f3d0d17b5adbe6c1b110fa738ef2d817d94
accident/outputs/r2b/metrics/77200b351bf1/r2__clipb16__gru512__teaser__seed20260905.json	aa4e502e2eed4b14befe3743a1a99b8e87a461dced72081a1d975fd9a4efd883	11f216cb3338b4569aedfa7ccda8a39922aa787a5d3e5ff99d34b2f5f28e64a7
accident/outputs/r2b/metrics/77200b351bf1/r2__r18__gru128__ringel__seed20260903.json	1289f6d9dd320b8190e7b96866084f0011d32b7fbc89455d3cf994d04acf2846	a4f4eeca2c853644d561e86124eab92074f73d2afddf1d9288ccce2b33ecc1a5
accident/outputs/r2b/metrics/77200b351bf1/r2__r18__gru128__ringel__seed20260904.json	d794c02cbe0ae7d97727bbde5b7593b0952bfaa7ec4a13f46b5af81c6c22c422	dbdedb8493067653b0180a4cc0d927aa453be6423b1c7c121e67c8ceb5fec7ea
accident/outputs/r2b/metrics/77200b351bf1/r2__r18__gru128__ringel__seed20260905.json	83debf52d37a440a0f03cd09c6e1f3db59a5559a1bfe28416f19f03b4acd1a3c	496cf152e50d43140d1365bf533be8decba1e41eb0790756f51c168ce2390cf4
accident/outputs/r2b/metrics/77200b351bf1/r2__r18__gru128__teaser__seed20260903.json	5a680f2b6037a33b27f193690524f2237d08075c4351a59b46110c1c67a64905	3c1ba845818aac132ca57c7bb1c996ae8345b98f3a1be7824c5ea014c9df6f27
accident/outputs/r2b/metrics/77200b351bf1/r2__r18__gru128__teaser__seed20260904.json	ecb574d3d9147f598573890ea955146307f834b86de92371fb604ef1394da290	71b06d8a4aa36abd30f4037e36a456d8b56eed330e7fc5868c22815345ded7bd
accident/outputs/r2b/metrics/77200b351bf1/r2__r18__gru128__teaser__seed20260905.json	cae7a612839aa2dbf146a8329e351d7ecf09687575fe088e51aec607ff49c583	4fe27e5465b02103dadc7c0be63f1777f07abc3d2fe44f0e9220bf506617ad9f
accident/outputs/r2b/metrics/77200b351bf1/r2__r18__gru512__ringel__seed20260903.json	b15697e0fe9bec21c0fe3cb08be9410e9c4b0e908f901070577028717b9af14b	1bb4ee86284a220fe70a2dcb2c1f25793d3815f223d770027bfa334bdfaaaf6e
accident/outputs/r2b/metrics/77200b351bf1/r2__r18__gru512__ringel__seed20260904.json	b2094b144c937a2b35f0bd8036809a8848adcd5bdc76256549827faa70173263	1f4c9545699aada7c4cd5913a105fed8bf840aae979817c8bfab97e9901b4237
accident/outputs/r2b/metrics/77200b351bf1/r2__r18__gru512__ringel__seed20260905.json	e9450fd98e51597c534a25fc610aaef00d0c9180ba26b1687a81392699e65341	01d90e111faffdb0bbea8df9300efb4a27829d7e6a19f6de5403dc6a9fd7300c
accident/outputs/r2b/metrics/77200b351bf1/r2__r18__gru512__teaser__seed20260903.json	b1201ef3713672138f38a24c805325cb82108b42dbb8c046ddce11cdc8ff06d1	dbc7b2f8b69f98aaab48e610841f514bca17d6ee789bc09b81cb54e58cace069
accident/outputs/r2b/metrics/77200b351bf1/r2__r18__gru512__teaser__seed20260904.json	baa72b9506c29a72c5295f1eb898a6482ff361f8bc5767af451e0ac0e4906ff7	89f60ea0a0fa8e1419e2dac6bd75c442ce055f0a00ccf16c6a3e05e6dd076535
accident/outputs/r2b/metrics/77200b351bf1/r2__r18__gru512__teaser__seed20260905.json	4e8cdef004015892f705ec3626b578a844043d24d692d7933befd98231fa1a5c	62adad003f18f939fbdf69a90a922dc694b339de78b4276b4aedcc828dff0be6
accident/outputs/r2b/metrics/8ac32aae418b/r2__clipb16__gru128__ringel__seed20260903.json	b5de702f777c8135c9f29019841a5dbcf72aa5ce855196f81277c89e04621cf5	93066048753d63d68accc27ea5baf75644b4054bdf8a5252d0238fefe7a7badc
accident/outputs/r2b/metrics/8ac32aae418b/r2__clipb16__gru128__ringel__seed20260904.json	bb62d04489c2fc97c1fb355cfff39175fd9ac74d975afd0bfc4ff0dc90adfd2f	48a54410907c8d8ee8bdea253102a5eb290f16d132e59376b8e35dbb62d9c0e2
accident/outputs/r2b/metrics/8ac32aae418b/r2__clipb16__gru128__ringel__seed20260905.json	d4772815ba965f3f459d566a179fb4bfc34507719255015c0c301fc2b6c25f10	992fd9170d1ad8d160358791fe693c2fe4f5b23e58d5fe505975495dcfa436ea
accident/outputs/r2b/metrics/8ac32aae418b/r2__clipb16__gru128__teaser__seed20260903.json	6c37ba1fbc5cf6e97b6084eb595f1622a245d30b36f6167d3ad84ca4d3f471c6	40db514cb640ef98cd374d300f9ad2251aec07c12abf0c233abc5e88c8e5cccc
accident/outputs/r2b/metrics/8ac32aae418b/r2__clipb16__gru128__teaser__seed20260904.json	1c4e4ac1a31387df741857459c9450aa59c3de3e34b4047b3b6bf8c49016b408	c43dae897a38f76b2a268122c583ed28fc328e8ff081feb15433dcf3920cab94
accident/outputs/r2b/metrics/8ac32aae418b/r2__clipb16__gru128__teaser__seed20260905.json	71ffeaa140fc5f408954bf63103705039265ab9931a710c604dad8422fb400e7	50400891bfc13638b4ca6ba5ca915311041363fd0f3382ca30e3f6b10fb18a77
accident/outputs/r2b/metrics/8ac32aae418b/r2__clipb16__gru512__ringel__seed20260903.json	858edc805b0b75f68b176a680db13993e48b71fb550a0167719fd7322119c39c	63d83db71d527ba80ad5b71105c06161ea71fb1286361b9cbd7ed063c5899c7a
accident/outputs/r2b/metrics/8ac32aae418b/r2__clipb16__gru512__ringel__seed20260904.json	c7c9e2dff3f98f0a89c2f740b5eea99c39cd218e5fb282251f6958138dbdb660	36dc18bc58813da47bf43676b01833673df8830ae6a0fa00d6a0e2d748746d18
accident/outputs/r2b/metrics/8ac32aae418b/r2__clipb16__gru512__ringel__seed20260905.json	ce223fe83436006bf2157328f0251f4249ab2e5610cc5f2703d4062cb3fe9bf5	0efd72cb3ab1e9dcae3bc77caafe84cb3838f1d7e3ed6a9f2fe5711374ef59f3
accident/outputs/r2b/metrics/8ac32aae418b/r2__clipb16__gru512__teaser__seed20260903.json	b5ad3d45b03b7e03862c7846f345422c45c964a0542df735162e149bea29397c	cfd900a32b6e10a9619736513476fdecd430245d53fae5ac60f56814be0c886a
accident/outputs/r2b/metrics/8ac32aae418b/r2__clipb16__gru512__teaser__seed20260904.json	7e901192bc8382f164f0b4da598805089d1588dd0d7bd9cd2fdfe7710c493aad	2b5f84938876d57dc3678786e082ff8342e50c1668062ca4bb66737d6cce5b10
accident/outputs/r2b/metrics/8ac32aae418b/r2__clipb16__gru512__teaser__seed20260905.json	e0f76f46a4c593968a9f2675e648e65f5416a7dd1febde0bade98e2f45bf3f6c	571f43ad7a99e1f72b4cf85ff141bb5010e5e6a1081d2c755ae4e49a1fba23ee
accident/outputs/r2b/metrics/8ac32aae418b/r2__r18__gru128__ringel__seed20260903.json	65da32e3c9daf22274cd6937e166872e397e596c17ed6385b3411f5c50b7f7e6	213d2df9b49ac587c4cc9467b5eabb88119ddbebbb2795db868d5d085b8d411a
accident/outputs/r2b/metrics/8ac32aae418b/r2__r18__gru128__ringel__seed20260904.json	f7fa8d6683dc63c796cb56b63e865b523e698e1c3a0a54e795992f33c0c69534	48b8ec4ffa4da02c2333563a064014e1ac16821698aa174b1196e547e7ff3773
accident/outputs/r2b/metrics/8ac32aae418b/r2__r18__gru128__ringel__seed20260905.json	d466a8b2ae3502fe6226b6e8b5433d8b51c45228ab2a03ffa7c0ed02ab1fc926	041a3c6cb75eb935cd782862657e9aa04b6c0b11408cbabb99115a3533ed034e
accident/outputs/r2b/metrics/8ac32aae418b/r2__r18__gru128__teaser__seed20260903.json	31caef659f11719bc00fa1517b73924af06bf0f7f9c5bf5d802221ef599c9f2c	a5b03d5cfe1dff36f6de3096b5d173b4aa594e2032a3ac51eff715a3e6b38630
accident/outputs/r2b/metrics/8ac32aae418b/r2__r18__gru128__teaser__seed20260904.json	7489c207ff8c117b93d705934c8ef0670e5a683acc869fc4a0ffd5f0677928a5	17358bbe3bb80673f2480fbadcce6bfd9c9b0e4e3daa6bf28e169f07c263dd94
accident/outputs/r2b/metrics/8ac32aae418b/r2__r18__gru128__teaser__seed20260905.json	e3b0636d56f5086c65865474e8981c5bdd97b606cfabffec05f29d2587aa65f0	a8bb06d9577ceec5077a1b446a045d076dcdc016553a2fb08199a2da791ed41b
accident/outputs/r2b/metrics/8ac32aae418b/r2__r18__gru512__ringel__seed20260903.json	8e2815c8b92bd7656ed596e119bf242b0aed53e520a04804113a8dd63e967bf3	364feb0c8f5623a04acfca7eabc3425ce491ec1fe8d3d4bd62b2d697b7fe8525
accident/outputs/r2b/metrics/8ac32aae418b/r2__r18__gru512__ringel__seed20260904.json	4430f04a968800d56d017f9868eadabf9762d8fa73c90fb73bdd55159e1506cb	3f97361cc2d5fba6cb4763148307b6f557cdc5219dddde9daf46f62b610b1d55
accident/outputs/r2b/metrics/8ac32aae418b/r2__r18__gru512__ringel__seed20260905.json	dad59fe79eb0dc7d003f6a2e0a782a33665b33e8d3b1315f8a44977d4f8287b3	866923f74d003a7e18370f707a494a20b5fb5212b9575339a74deae44ba149b4
accident/outputs/r2b/metrics/8ac32aae418b/r2__r18__gru512__teaser__seed20260903.json	26fa27764e98390f7d6b340d3e118bd81325261f4155e91054560b1e33028025	2895d1d25040cc556f8935d83f5d8af00b41f5a66770529de9ae496e3325ceb8
accident/outputs/r2b/metrics/8ac32aae418b/r2__r18__gru512__teaser__seed20260904.json	c84ce247d4062877a0c81168e90e1593b03b9fa124e1862f7939b1765af360f6	8ff1c58fe38a1630f69c1f485a2db3c938a18aebc31349195182d225ff58e77d
accident/outputs/r2b/metrics/8ac32aae418b/r2__r18__gru512__teaser__seed20260905.json	627c0b925441a50a95b2f3b4cda7b4d1a4e4083d0e68b1f4f1459a0a32cf5244	e4ae9b69255137034c986144a3b544e7846ceaee5c378d78cf7aa7f542cb4fb6
