system_a,system_b,seed,epsilon,status,min_lower,max_upper,min_advantage,max_advantage,point_sign_reversal
clip__r18mean__seed20260903,prefix__gru128__seed20260903,20260903,0.0,robust_a,0.31387966830165215,1.451122876006547,0.8203305938193688,0.9430214062970809,False
clip__r18mean__seed20260903,prefix__gru128__seed20260903,20260903,0.125,robust_a,0.31387966830165215,1.451122876006547,0.8203305938193688,0.9430214062970809,False
clip__r18mean__seed20260903,prefix__gru128__seed20260903,20260903,0.25,robust_a,0.31387966830165215,1.451122876006547,0.8203305938193688,0.9430214062970809,False
clip__r18mean__seed20260903,prefix__gru512__seed20260903,20260903,0.0,robust_a,0.3075367511118682,1.5812226199508772,0.8804191334559339,0.9967310458279425,False
clip__r18mean__seed20260903,prefix__gru512__seed20260903,20260903,0.125,robust_a,0.3075367511118682,1.5812226199508772,0.8804191334559339,0.9967310458279425,False
clip__r18mean__seed20260903,prefix__gru512__seed20260903,20260903,0.25,robust_a,0.3075367511118682,1.5812226199508772,0.8804191334559339,0.9967310458279425,False
clip__r18mean__seed20260903,r2__clipb16__gru128__seed20260903,20260903,0.0,inconclusive,-0.8053237005996423,0.7520197583071057,-0.12083080866457686,0.06300540186247572,True
clip__r18mean__seed20260903,r2__clipb16__gru128__seed20260903,20260903,0.125,inconclusive,-0.8053237005996423,0.7520197583071057,-0.12083080866457686,0.06300540186247572,True
clip__r18mean__seed20260903,r2__clipb16__gru128__seed20260903,20260903,0.25,inconclusive,-0.8053237005996423,0.7520197583071057,-0.12083080866457686,0.06300540186247572,True
clip__r18mean__seed20260903,r2__clipb16__gru512__seed20260903,20260903,0.0,inconclusive,-0.8820497583829229,0.4832042943493134,-0.21447439679205962,-0.1824445424868278,False
clip__r18mean__seed20260903,r2__clipb16__gru512__seed20260903,20260903,0.125,inconclusive,-0.8820497583829229,0.4832042943493134,-0.21447439679205962,-0.1824445424868278,False
clip__r18mean__seed20260903,r2__clipb16__gru512__seed20260903,20260903,0.25,inconclusive,-0.8820497583829229,0.4832042943493134,-0.21447439679205962,-0.1824445424868278,False
clip__r18mean__seed20260903,r2__clipb16__mean__seed20260903,20260903,0.0,inconclusive,-0.8730419421061539,0.51975062461741,-0.18728166690509562,-0.16728545887550006,False
clip__r18mean__seed20260903,r2__clipb16__mean__seed20260903,20260903,0.125,inconclusive,-0.8730419421061539,0.51975062461741,-0.18728166690509562,-0.16728545887550006,False
clip__r18mean__seed20260903,r2__clipb16__mean__seed20260903,20260903,0.25,inconclusive,-0.8730419421061539,0.51975062461741,-0.18728166690509562,-0.16728545887550006,False
clip__r18mean__seed20260903,r2__r18__gru128__seed20260903,20260903,0.0,robust_a,0.42789726514837445,1.6389719339887503,0.9624037083993332,1.0959286449780987,False
clip__r18mean__seed20260903,r2__r18__gru128__seed20260903,20260903,0.125,robust_a,0.42789726514837445,1.6389719339887503,0.9624037083993332,1.0959286449780987,False
clip__r18mean__seed20260903,r2__r18__gru128__seed20260903,20260903,0.25,robust_a,0.42789726514837445,1.6389719339887503,0.9624037083993332,1.0959286449780987,False
clip__r18mean__seed20260903,r2__r18__gru512__seed20260903,20260903,0.0,robust_a,0.04550866143226462,1.213269444729515,0.5923882208847165,0.6664452927389058,False
clip__r18mean__seed20260903,r2__r18__gru512__seed20260903,20260903,0.125,inconclusive,0.04550866143226462,1.213269444729515,0.5923882208847165,0.6664452927389058,False
clip__r18mean__seed20260903,r2__r18__gru512__seed20260903,20260903,0.25,inconclusive,0.04550866143226462,1.213269444729515,0.5923882208847165,0.6664452927389058,False
clip__r18mean__seed20260903,r2__r18__mean__seed20260903,20260903,0.0,inconclusive,-0.08268514944612199,0.914865460396411,0.4098269416236112,0.4210307477442549,False
clip__r18mean__seed20260903,r2__r18__mean__seed20260903,20260903,0.125,inconclusive,-0.08268514944612199,0.914865460396411,0.4098269416236112,0.4210307477442549,False
clip__r18mean__seed20260903,r2__r18__mean__seed20260903,20260903,0.25,inconclusive,-0.08268514944612199,0.914865460396411,0.4098269416236112,0.4210307477442549,False
clip__r18mean__seed20260904,prefix__gru128__seed20260904,20260904,0.0,robust_a,0.06748386220306096,1.1837899548608846,0.560340464431931,0.6988915575724685,False
clip__r18mean__seed20260904,prefix__gru128__seed20260904,20260904,0.125,protocol_specific,0.06748386220306096,1.1837899548608846,0.560340464431931,0.6988915575724685,False
clip__r18mean__seed20260904,prefix__gru128__seed20260904,20260904,0.25,inconclusive,0.06748386220306096,1.1837899548608846,0.560340464431931,0.6988915575724685,False
clip__r18mean__seed20260904,prefix__gru512__seed20260904,20260904,0.0,inconclusive,-0.16677155924337028,1.0534602001161573,0.3601716744518897,0.5246436783158207,False
clip__r18mean__seed20260904,prefix__gru512__seed20260904,20260904,0.125,inconclusive,-0.16677155924337028,1.0534602001161573,0.3601716744518897,0.5246436783158207,False
clip__r18mean__seed20260904,prefix__gru512__seed20260904,20260904,0.25,inconclusive,-0.16677155924337028,1.0534602001161573,0.3601716744518897,0.5246436783158207,False
clip__r18mean__seed20260904,r2__clipb16__gru128__seed20260904,20260904,0.0,inconclusive,-0.9357345402496877,0.6177121760159492,-0.21416370055882222,-0.10480483284662731,False
clip__r18mean__seed20260904,r2__clipb16__gru128__seed20260904,20260904,0.125,inconclusive,-0.9357345402496877,0.6177121760159492,-0.21416370055882222,-0.10480483284662731,False
clip__r18mean__seed20260904,r2__clipb16__gru128__seed20260904,20260904,0.25,inconclusive,-0.9357345402496877,0.6177121760159492,-0.21416370055882222,-0.10480483284662731,False
clip__r18mean__seed20260904,r2__clipb16__gru512__seed20260904,20260904,0.0,inconclusive,-0.6559466981488717,0.8851042111028075,0.06037722870587672,0.16543166306949963,False
clip__r18mean__seed20260904,r2__clipb16__gru512__seed20260904,20260904,0.125,inconclusive,-0.6559466981488717,0.8851042111028075,0.06037722870587672,0.16543166306949963,False
clip__r18mean__seed20260904,r2__clipb16__gru512__seed20260904,20260904,0.25,inconclusive,-0.6559466981488717,0.8851042111028075,0.06037722870587672,0.16543166306949963,False
clip__r18mean__seed20260904,r2__clipb16__mean__seed20260904,20260904,0.0,inconclusive,-1.3830728664166623,0.15652886347057682,-0.6293940380325257,-0.5995482613865368,False
clip__r18mean__seed20260904,r2__clipb16__mean__seed20260904,20260904,0.125,inconclusive,-1.3830728664166623,0.15652886347057682,-0.6293940380325257,-0.5995482613865368,False
clip__r18mean__seed20260904,r2__clipb16__mean__seed20260904,20260904,0.25,inconclusive,-1.3830728664166623,0.15652886347057682,-0.6293940380325257,-0.5995482613865368,False
clip__r18mean__seed20260904,r2__r18__gru128__seed20260904,20260904,0.0,robust_a,0.34107241578497305,1.6366686790075184,0.8999987020308619,1.0948657038197696,False
clip__r18mean__seed20260904,r2__r18__gru128__seed20260904,20260904,0.125,robust_a,0.34107241578497305,1.6366686790075184,0.8999987020308619,1.0948657038197696,False
clip__r18mean__seed20260904,r2__r18__gru128__seed20260904,20260904,0.25,robust_a,0.34107241578497305,1.6366686790075184,0.8999987020308619,1.0948657038197696,False
clip__r18mean__seed20260904,r2__r18__gru512__seed20260904,20260904,0.0,inconclusive,-0.16568568805729783,0.8996026546501202,0.32695578248922574,0.4063325916551944,False
clip__r18mean__seed20260904,r2__r18__gru512__seed20260904,20260904,0.125,inconclusive,-0.16568568805729783,0.8996026546501202,0.32695578248922574,0.4063325916551944,False
clip__r18mean__seed20260904,r2__r18__gru512__seed20260904,20260904,0.25,inconclusive,-0.16568568805729783,0.8996026546501202,0.32695578248922574,0.4063325916551944,False
clip__r18mean__seed20260904,r2__r18__mean__seed20260904,20260904,0.0,inconclusive,-0.672614790845526,0.4394393765571517,-0.12493309951747517,-0.10233295482739127,False
clip__r18mean__seed20260904,r2__r18__mean__seed20260904,20260904,0.125,inconclusive,-0.672614790845526,0.4394393765571517,-0.12493309951747517,-0.10233295482739127,False
clip__r18mean__seed20260904,r2__r18__mean__seed20260904,20260904,0.25,inconclusive,-0.672614790845526,0.4394393765571517,-0.12493309951747517,-0.10233295482739127,False
clip__r18mean__seed20260905,prefix__gru128__seed20260905,20260905,0.0,protocol_specific,-0.003249290277017036,1.1388993718683844,0.4758043002905377,0.670960145566051,False
clip__r18mean__seed20260905,prefix__gru128__seed20260905,20260905,0.125,protocol_specific,-0.003249290277017036,1.1388993718683844,0.4758043002905377,0.670960145566051,False
clip__r18mean__seed20260905,prefix__gru128__seed20260905,20260905,0.25,inconclusive,-0.003249290277017036,1.1388993718683844,0.4758043002905377,0.670960145566051,False
clip__r18mean__seed20260905,prefix__gru512__seed20260905,20260905,0.0,protocol_specific,-0.0009964996256939251,1.1494508836217934,0.521800082776308,0.6478274971587217,False
clip__r18mean__seed20260905,prefix__gru512__seed20260905,20260905,0.125,protocol_specific,-0.0009964996256939251,1.1494508836217934,0.521800082776308,0.6478274971587217,False
clip__r18mean__seed20260905,prefix__gru512__seed20260905,20260905,0.25,inconclusive,-0.0009964996256939251,1.1494508836217934,0.521800082776308,0.6478274971587217,False
clip__r18mean__seed20260905,r2__clipb16__gru128__seed20260905,20260905,0.0,inconclusive,-0.7055574560341182,0.8165284372990229,-0.037547979504786555,0.16729219114554386,True
clip__r18mean__seed20260905,r2__clipb16__gru128__seed20260905,20260905,0.125,inconclusive,-0.7055574560341182,0.8165284372990229,-0.037547979504786555,0.16729219114554386,True
clip__r18mean__seed20260905,r2__clipb16__gru128__seed20260905,20260905,0.25,inconclusive,-0.7055574560341182,0.8165284372990229,-0.037547979504786555,0.16729219114554386,True
clip__r18mean__seed20260905,r2__clipb16__gru512__seed20260905,20260905,0.0,inconclusive,-0.9289884704528311,0.48080477615668316,-0.2527065809670125,-0.19489958167815266,False
clip__r18mean__seed20260905,r2__clipb16__gru512__seed20260905,20260905,0.125,inconclusive,-0.9289884704528311,0.48080477615668316,-0.2527065809670125,-0.19489958167815266,False
clip__r18mean__seed20260905,r2__clipb16__gru512__seed20260905,20260905,0.25,inconclusive,-0.9289884704528311,0.48080477615668316,-0.2527065809670125,-0.19489958167815266,False
clip__r18mean__seed20260905,r2__clipb16__mean__seed20260905,20260905,0.0,inconclusive,-1.2874931735239517,0.16466555771197644,-0.5635811850756267,-0.5585031016495133,False
clip__r18mean__seed20260905,r2__clipb16__mean__seed20260905,20260905,0.125,inconclusive,-1.2874931735239517,0.16466555771197644,-0.5635811850756267,-0.5585031016495133,False
clip__r18mean__seed20260905,r2__clipb16__mean__seed20260905,20260905,0.25,inconclusive,-1.2874931735239517,0.16466555771197644,-0.5635811850756267,-0.5585031016495133,False
clip__r18mean__seed20260905,r2__r18__gru128__seed20260905,20260905,0.0,robust_a,0.08158155558023483,1.1463939891516912,0.5819098369733485,0.6408714089664485,False
clip__r18mean__seed20260905,r2__r18__gru128__seed20260905,20260905,0.125,protocol_specific,0.08158155558023483,1.1463939891516912,0.5819098369733485,0.6408714089664485,False
clip__r18mean__seed20260905,r2__r18__gru128__seed20260905,20260905,0.25,inconclusive,0.08158155558023483,1.1463939891516912,0.5819098369733485,0.6408714089664485,False
clip__r18mean__seed20260905,r2__r18__gru512__seed20260905,20260905,0.0,robust_a,0.21586626856834734,1.4078448274830193,0.7345835734900191,0.8963191387773917,False
clip__r18mean__seed20260905,r2__r18__gru512__seed20260905,20260905,0.125,robust_a,0.21586626856834734,1.4078448274830193,0.7345835734900191,0.8963191387773917,False
clip__r18mean__seed20260905,r2__r18__gru512__seed20260905,20260905,0.25,protocol_specific,0.21586626856834734,1.4078448274830193,0.7345835734900191,0.8963191387773917,False
clip__r18mean__seed20260905,r2__r18__mean__seed20260905,20260905,0.0,inconclusive,-0.3377668739684726,0.6707597891022039,0.15741861010009178,0.17808353733693533,False
clip__r18mean__seed20260905,r2__r18__mean__seed20260905,20260905,0.125,inconclusive,-0.3377668739684726,0.6707597891022039,0.15741861010009178,0.17808353733693533,False
clip__r18mean__seed20260905,r2__r18__mean__seed20260905,20260905,0.25,inconclusive,-0.3377668739684726,0.6707597891022039,0.15741861010009178,0.17808353733693533,False
prefix__gru128__seed20260903,prefix__gru512__seed20260903,20260903,0.0,inconclusive,-0.39469415947753633,0.5085058292431165,0.013409379638997855,0.09482969219514963,False
prefix__gru128__seed20260903,prefix__gru512__seed20260903,20260903,0.125,inconclusive,-0.39469415947753633,0.5085058292431165,0.013409379638997855,0.09482969219514963,False
prefix__gru128__seed20260903,prefix__gru512__seed20260903,20260903,0.25,inconclusive,-0.39469415947753633,0.5085058292431165,0.013409379638997855,0.09482969219514963,False
prefix__gru128__seed20260903,r2__clipb16__gru128__seed20260903,20260903,0.0,robust_b,-1.6466428829836057,-0.19016361469024434,-0.9553670473150138,-0.8738100009450768,False
prefix__gru128__seed20260903,r2__clipb16__gru128__seed20260903,20260903,0.125,robust_b,-1.6466428829836057,-0.19016361469024434,-0.9553670473150138,-0.8738100009450768,False
prefix__gru128__seed20260903,r2__clipb16__gru128__seed20260903,20260903,0.25,protocol_specific,-1.6466428829836057,-0.19016361469024434,-0.9553670473150138,-0.8738100009450768,False
prefix__gru128__seed20260903,r2__clipb16__gru512__seed20260903,20260903,0.0,robust_b,-1.8417658868055589,-0.32020262945815325,-1.1478978045402741,-1.0164915984898115,False
prefix__gru128__seed20260903,r2__clipb16__gru512__seed20260903,20260903,0.125,robust_b,-1.8417658868055589,-0.32020262945815325,-1.1478978045402741,-1.0164915984898115,False
prefix__gru128__seed20260903,r2__clipb16__gru512__seed20260903,20260903,0.25,robust_b,-1.8417658868055589,-0.32020262945815325,-1.1478978045402741,-1.0164915984898115,False
prefix__gru128__seed20260903,r2__clipb16__mean__seed20260903,20260903,0.0,robust_b,-1.817661836680469,-0.30420390978264833,-1.1238557991706128,-1.0024340679190749,False
prefix__gru128__seed20260903,r2__clipb16__mean__seed20260903,20260903,0.125,robust_b,-1.817661836680469,-0.30420390978264833,-1.1238557991706128,-1.0024340679190749,False
prefix__gru128__seed20260903,r2__clipb16__mean__seed20260903,20260903,0.25,robust_b,-1.817661836680469,-0.30420390978264833,-1.1238557991706128,-1.0024340679190749,False
prefix__gru128__seed20260903,r2__r18__gru128__seed20260903,20260903,0.0,inconclusive,-0.2982360227674724,0.5939457561743644,0.11167231250846596,0.18442576765479912,False
prefix__gru128__seed20260903,r2__r18__gru128__seed20260903,20260903,0.125,inconclusive,-0.2982360227674724,0.5939457561743644,0.11167231250846596,0.18442576765479912,False
prefix__gru128__seed20260903,r2__r18__gru128__seed20260903,20260903,0.25,inconclusive,-0.2982360227674724,0.5939457561743644,0.11167231250846596,0.18442576765479912,False
prefix__gru128__seed20260903,r2__r18__gru512__seed20260903,20260903,0.0,inconclusive,-0.8224927184903646,0.3167291538039123,-0.30725363195953337,-0.21196737696030057,False
prefix__gru128__seed20260903,r2__r18__gru512__seed20260903,20260903,0.125,inconclusive,-0.8224927184903646,0.3167291538039123,-0.30725363195953337,-0.21196737696030057,False
prefix__gru128__seed20260903,r2__r18__gru512__seed20260903,20260903,0.25,inconclusive,-0.8224927184903646,0.3167291538039123,-0.30725363195953337,-0.21196737696030057,False
prefix__gru128__seed20260903,r2__r18__mean__seed20260903,20260903,0.0,inconclusive,-1.10761609959098,0.16644553863450928,-0.5293696228226945,-0.4090570126788907,False
prefix__gru128__seed20260903,r2__r18__mean__seed20260903,20260903,0.125,inconclusive,-1.10761609959098,0.16644553863450928,-0.5293696228226945,-0.4090570126788907,False
prefix__gru128__seed20260903,r2__r18__mean__seed20260903,20260903,0.25,inconclusive,-1.10761609959098,0.16644553863450928,-0.5293696228226945,-0.4090570126788907,False
prefix__gru128__seed20260904,prefix__gru512__seed20260904,20260904,0.0,inconclusive,-0.5801014149228125,0.23068693358234788,-0.20016878998004112,-0.1564032813005366,False
prefix__gru128__seed20260904,prefix__gru512__seed20260904,20260904,0.125,inconclusive,-0.5801014149228125,0.23068693358234788,-0.20016878998004112,-0.1564032813005366,False
prefix__gru128__seed20260904,prefix__gru512__seed20260904,20260904,0.25,inconclusive,-0.5801014149228125,0.23068693358234788,-0.20016878998004112,-0.1564032813005366,False
prefix__gru128__seed20260904,r2__clipb16__gru128__seed20260904,20260904,0.0,robust_b,-1.4807822393148344,-0.1018683650719805,-0.8223162479560763,-0.7644445564599727,False
prefix__gru128__seed20260904,r2__clipb16__gru128__seed20260904,20260904,0.125,protocol_specific,-1.4807822393148344,-0.1018683650719805,-0.8223162479560763,-0.7644445564599727,False
prefix__gru128__seed20260904,r2__clipb16__gru128__seed20260904,20260904,0.25,inconclusive,-1.4807822393148344,-0.1018683650719805,-0.8223162479560763,-0.7644445564599727,False
prefix__gru128__seed20260904,r2__clipb16__gru512__seed20260904,20260904,0.0,inconclusive,-1.1952263087458235,0.18407972153095098,-0.5334598945029687,-0.49046485522871164,False
prefix__gru128__seed20260904,r2__clipb16__gru512__seed20260904,20260904,0.125,inconclusive,-1.1952263087458235,0.18407972153095098,-0.5334598945029687,-0.49046485522871164,False
prefix__gru128__seed20260904,r2__clipb16__gru512__seed20260904,20260904,0.25,inconclusive,-1.1952263087458235,0.18407972153095098,-0.5334598945029687,-0.49046485522871164,False
prefix__gru128__seed20260904,r2__clipb16__mean__seed20260904,20260904,0.0,robust_b,-2.0134865212144915,-0.48049807954220536,-1.319403286656549,-1.1772484561726142,False
prefix__gru128__seed20260904,r2__clipb16__mean__seed20260904,20260904,0.125,robust_b,-2.0134865212144915,-0.48049807954220536,-1.319403286656549,-1.1772484561726142,False
prefix__gru128__seed20260904,r2__clipb16__mean__seed20260904,20260904,0.25,robust_b,-2.0134865212144915,-0.48049807954220536,-1.319403286656549,-1.1772484561726142,False
prefix__gru128__seed20260904,r2__r18__gru128__seed20260904,20260904,0.0,inconclusive,-0.14127194206572702,0.8288855582375443,0.3205817303306491,0.39597414624730115,False
prefix__gru128__seed20260904,r2__r18__gru128__seed20260904,20260904,0.125,inconclusive,-0.14127194206572702,0.8288855582375443,0.3205817303306491,0.39597414624730115,False
prefix__gru128__seed20260904,r2__r18__gru128__seed20260904,20260904,0.25,inconclusive,-0.14127194206572702,0.8288855582375443,0.3205817303306491,0.39597414624730115,False
prefix__gru128__seed20260904,r2__r18__gru512__seed20260904,20260904,0.0,inconclusive,-0.8334292132506128,0.3473910730660671,-0.3193128969280332,-0.19678045126305144,False
prefix__gru128__seed20260904,r2__r18__gru512__seed20260904,20260904,0.125,inconclusive,-0.8334292132506128,0.3473910730660671,-0.3193128969280332,-0.19678045126305144,False
prefix__gru128__seed20260904,r2__r18__gru512__seed20260904,20260904,0.25,inconclusive,-0.8334292132506128,0.3473910730660671,-0.3193128969280332,-0.19678045126305144,False
prefix__gru128__seed20260904,r2__r18__mean__seed20260904,20260904,0.0,robust_b,-1.437433462006357,-0.06083360003127014,-0.8151459549018569,-0.6801088281252158,False
prefix__gru128__seed20260904,r2__r18__mean__seed20260904,20260904,0.125,protocol_specific,-1.437433462006357,-0.06083360003127014,-0.8151459549018569,-0.6801088281252158,False
prefix__gru128__seed20260904,r2__r18__mean__seed20260904,20260904,0.25,inconclusive,-1.437433462006357,-0.06083360003127014,-0.8151459549018569,-0.6801088281252158,False
prefix__gru128__seed20260905,prefix__gru512__seed20260905,20260905,0.0,inconclusive,-0.45626986338799175,0.49813925639003576,-0.02313264840732926,0.07085972897194967,True
prefix__gru128__seed20260905,prefix__gru512__seed20260905,20260905,0.125,inconclusive,-0.45626986338799175,0.49813925639003576,-0.02313264840732926,0.07085972897194967,True
prefix__gru128__seed20260905,prefix__gru512__seed20260905,20260905,0.25,inconclusive,-0.45626986338799175,0.49813925639003576,-0.02313264840732926,0.07085972897194967,True
prefix__gru128__seed20260905,r2__clipb16__gru128__seed20260905,20260905,0.0,inconclusive,-1.1814953634040044,0.24242054562505722,-0.5397537560332887,-0.3816731033841704,False
prefix__gru128__seed20260905,r2__clipb16__gru128__seed20260905,20260905,0.125,inconclusive,-1.1814953634040044,0.24242054562505722,-0.5397537560332887,-0.3816731033841704,False
prefix__gru128__seed20260905,r2__clipb16__gru128__seed20260905,20260905,0.25,inconclusive,-1.1814953634040044,0.24242054562505722,-0.5397537560332887,-0.3816731033841704,False
prefix__gru128__seed20260905,r2__clipb16__gru512__seed20260905,20260905,0.0,robust_b,-1.5015275696905808,-0.015807618203850016,-0.8658597272442035,-0.691447106872144,False
prefix__gru128__seed20260905,r2__clipb16__gru512__seed20260905,20260905,0.125,protocol_specific,-1.5015275696905808,-0.015807618203850016,-0.8658597272442035,-0.691447106872144,False
prefix__gru128__seed20260905,r2__clipb16__gru512__seed20260905,20260905,0.25,inconclusive,-1.5015275696905808,-0.015807618203850016,-0.8658597272442035,-0.691447106872144,False
prefix__gru128__seed20260905,r2__clipb16__mean__seed20260905,20260905,0.0,robust_b,-1.9309956790001142,-0.33767310724177846,-1.2320294990374727,-1.0380905759579315,False
prefix__gru128__seed20260905,r2__clipb16__mean__seed20260905,20260905,0.125,robust_b,-1.9309956790001142,-0.33767310724177846,-1.2320294990374727,-1.0380905759579315,False
prefix__gru128__seed20260905,r2__clipb16__mean__seed20260905,20260905,0.25,robust_b,-1.9309956790001142,-0.33767310724177846,-1.2320294990374727,-1.0380905759579315,False
prefix__gru128__seed20260905,r2__r18__gru128__seed20260905,20260905,0.0,inconclusive,-0.43756054030961,0.47446061428125325,-0.0327343562107629,0.11600211294689877,True
prefix__gru128__seed20260905,r2__r18__gru128__seed20260905,20260905,0.125,inconclusive,-0.43756054030961,0.47446061428125325,-0.0327343562107629,0.11600211294689877,True
prefix__gru128__seed20260905,r2__r18__gru128__seed20260905,20260905,0.25,inconclusive,-0.43756054030961,0.47446061428125325,-0.0327343562107629,0.11600211294689877,True
prefix__gru128__seed20260905,r2__r18__gru512__seed20260905,20260905,0.0,inconclusive,-0.2830401933663643,0.7899969968378631,0.18703446101583165,0.2894196229263592,False
prefix__gru128__seed20260905,r2__r18__gru512__seed20260905,20260905,0.125,inconclusive,-0.2830401933663643,0.7899969968378631,0.18703446101583165,0.2894196229263592,False
prefix__gru128__seed20260905,r2__r18__gru512__seed20260905,20260905,0.25,inconclusive,-0.2830401933663643,0.7899969968378631,0.18703446101583165,0.2894196229263592,False
prefix__gru128__seed20260905,r2__r18__mean__seed20260905,20260905,0.0,inconclusive,-1.0543550482328707,0.2037458627545381,-0.5135415354659593,-0.3075574350263862,False
prefix__gru128__seed20260905,r2__r18__mean__seed20260905,20260905,0.125,inconclusive,-1.0543550482328707,0.2037458627545381,-0.5135415354659593,-0.3075574350263862,False
prefix__gru128__seed20260905,r2__r18__mean__seed20260905,20260905,0.25,inconclusive,-1.0543550482328707,0.2037458627545381,-0.5135415354659593,-0.3075574350263862,False
prefix__gru512__seed20260903,r2__clipb16__gru128__seed20260903,20260903,0.0,robust_b,-1.7139087641155295,-0.22934999307604587,-1.001249942120511,-0.9337256439654671,False
prefix__gru512__seed20260903,r2__clipb16__gru128__seed20260903,20260903,0.125,robust_b,-1.7139087641155295,-0.22934999307604587,-1.001249942120511,-0.9337256439654671,False
prefix__gru512__seed20260903,r2__clipb16__gru128__seed20260903,20260903,0.25,protocol_specific,-1.7139087641155295,-0.22934999307604587,-1.001249942120511,-0.9337256439654671,False
prefix__gru512__seed20260903,r2__clipb16__gru512__seed20260903,20260903,0.0,robust_b,-1.923819386328654,-0.33721099429668944,-1.1871880581699232,-1.089575746368969,False
prefix__gru512__seed20260903,r2__clipb16__gru512__seed20260903,20260903,0.125,robust_b,-1.923819386328654,-0.33721099429668944,-1.1871880581699232,-1.089575746368969,False
prefix__gru512__seed20260903,r2__clipb16__gru512__seed20260903,20260903,0.25,robust_b,-1.923819386328654,-0.33721099429668944,-1.1871880581699232,-1.089575746368969,False
prefix__gru512__seed20260903,r2__clipb16__mean__seed20260903,20260903,0.0,robust_b,-1.9283844498351914,-0.2920238554465122,-1.1678907962628162,-1.0536620007159776,False
prefix__gru512__seed20260903,r2__clipb16__mean__seed20260903,20260903,0.125,robust_b,-1.9283844498351914,-0.2920238554465122,-1.1678907962628162,-1.0536620007159776,False
prefix__gru512__seed20260903,r2__clipb16__mean__seed20260903,20260903,0.25,robust_b,-1.9283844498351914,-0.2920238554465122,-1.1678907962628162,-1.0536620007159776,False
prefix__gru512__seed20260903,r2__r18__gru128__seed20260903,20260903,0.0,inconclusive,-0.37303316038058437,0.5653336409161749,0.07734613212971636,0.09919759915015632,False
prefix__gru512__seed20260903,r2__r18__gru128__seed20260903,20260903,0.125,inconclusive,-0.37303316038058437,0.5653336409161749,0.07734613212971636,0.09919759915015632,False
prefix__gru512__seed20260903,r2__r18__gru128__seed20260903,20260903,0.25,inconclusive,-0.37303316038058437,0.5653336409161749,0.07734613212971636,0.09919759915015632,False
prefix__gru512__seed20260903,r2__r18__gru512__seed20260903,20260903,0.0,inconclusive,-0.8951219193125401,0.2995535145947597,-0.3465438855891821,-0.24104988728185467,False
prefix__gru512__seed20260903,r2__r18__gru512__seed20260903,20260903,0.125,inconclusive,-0.8951219193125401,0.2995535145947597,-0.3465438855891821,-0.24104988728185467,False
prefix__gru512__seed20260903,r2__r18__gru512__seed20260903,20260903,0.25,inconclusive,-0.8951219193125401,0.2995535145947597,-0.3465438855891821,-0.24104988728185467,False
prefix__gru512__seed20260903,r2__r18__mean__seed20260903,20260903,0.0,inconclusive,-1.1780795073669537,0.12842078191873102,-0.5839810723056491,-0.46534579409622284,False
prefix__gru512__seed20260903,r2__r18__mean__seed20260903,20260903,0.125,inconclusive,-1.1780795073669537,0.12842078191873102,-0.5839810723056491,-0.46534579409622284,False
prefix__gru512__seed20260903,r2__r18__mean__seed20260903,20260903,0.25,inconclusive,-1.1780795073669537,0.12842078191873102,-0.5839810723056491,-0.46534579409622284,False
prefix__gru512__seed20260904,r2__clipb16__gru128__seed20260904,20260904,0.0,inconclusive,-1.342871433918003,0.14379090300194597,-0.6360675798322291,-0.5743353750107117,False
prefix__gru512__seed20260904,r2__clipb16__gru128__seed20260904,20260904,0.125,inconclusive,-1.342871433918003,0.14379090300194597,-0.6360675798322291,-0.5743353750107117,False
prefix__gru512__seed20260904,r2__clipb16__gru128__seed20260904,20260904,0.25,inconclusive,-1.342871433918003,0.14379090300194597,-0.6360675798322291,-0.5743353750107117,False
prefix__gru512__seed20260904,r2__clipb16__gru512__seed20260904,20260904,0.0,inconclusive,-1.0154832068003379,0.3660893894701677,-0.3592120152463213,-0.29979444574601294,False
prefix__gru512__seed20260904,r2__clipb16__gru512__seed20260904,20260904,0.125,inconclusive,-1.0154832068003379,0.3660893894701677,-0.3592120152463213,-0.29979444574601294,False
prefix__gru512__seed20260904,r2__clipb16__gru512__seed20260904,20260904,0.25,inconclusive,-1.0154832068003379,0.3660893894701677,-0.3592120152463213,-0.29979444574601294,False
prefix__gru512__seed20260904,r2__clipb16__mean__seed20260904,20260904,0.0,robust_b,-1.8704243867781836,-0.24608528635437465,-1.1316630111881916,-0.9885256828570284,False
prefix__gru512__seed20260904,r2__clipb16__mean__seed20260904,20260904,0.125,robust_b,-1.8704243867781836,-0.24608528635437465,-1.1316630111881916,-0.9885256828570284,False
prefix__gru512__seed20260904,r2__clipb16__mean__seed20260904,20260904,0.25,protocol_specific,-1.8704243867781836,-0.24608528635437465,-1.1316630111881916,-0.9885256828570284,False
prefix__gru512__seed20260904,r2__r18__gru128__seed20260904,20260904,0.0,protocol_specific,-0.06172075330225657,1.0981467470797148,0.47698501163118556,0.570222025503949,False
prefix__gru512__seed20260904,r2__r18__gru128__seed20260904,20260904,0.125,inconclusive,-0.06172075330225657,1.0981467470797148,0.47698501163118556,0.570222025503949,False
prefix__gru512__seed20260904,r2__r18__gru128__seed20260904,20260904,0.25,inconclusive,-0.06172075330225657,1.0981467470797148,0.47698501163118556,0.570222025503949,False
prefix__gru512__seed20260904,r2__r18__gru512__seed20260904,20260904,0.0,inconclusive,-0.6828263877712462,0.5365399733336473,-0.13157262145967574,-0.03314507381621761,False
prefix__gru512__seed20260904,r2__r18__gru512__seed20260904,20260904,0.125,inconclusive,-0.6828263877712462,0.5365399733336473,-0.13157262145967574,-0.03314507381621761,False
prefix__gru512__seed20260904,r2__r18__gru512__seed20260904,20260904,0.25,inconclusive,-0.6828263877712462,0.5365399733336473,-0.13157262145967574,-0.03314507381621761,False
prefix__gru512__seed20260904,r2__r18__mean__seed20260904,20260904,0.0,protocol_specific,-1.2461297454678362,0.13175130818821984,-0.6408980756452092,-0.4799400381451748,False
prefix__gru512__seed20260904,r2__r18__mean__seed20260904,20260904,0.125,inconclusive,-1.2461297454678362,0.13175130818821984,-0.6408980756452092,-0.4799400381451748,False
prefix__gru512__seed20260904,r2__r18__mean__seed20260904,20260904,0.25,inconclusive,-1.2461297454678362,0.13175130818821984,-0.6408980756452092,-0.4799400381451748,False
prefix__gru512__seed20260905,r2__clipb16__gru128__seed20260905,20260905,0.0,inconclusive,-1.214061075163103,0.1799396745511027,-0.5593480622810942,-0.4525328323561201,False
prefix__gru512__seed20260905,r2__clipb16__gru128__seed20260905,20260905,0.125,inconclusive,-1.214061075163103,0.1799396745511027,-0.5593480622810942,-0.4525328323561201,False
prefix__gru512__seed20260905,r2__clipb16__gru128__seed20260905,20260905,0.25,inconclusive,-1.214061075163103,0.1799396745511027,-0.5593480622810942,-0.4525328323561201,False
prefix__gru512__seed20260905,r2__clipb16__gru512__seed20260905,20260905,0.0,robust_b,-1.523572612089561,-0.08130280838317838,-0.8427270788368746,-0.7623068358440934,False
prefix__gru512__seed20260905,r2__clipb16__gru512__seed20260905,20260905,0.125,protocol_specific,-1.523572612089561,-0.08130280838317838,-0.8427270788368746,-0.7623068358440934,False
prefix__gru512__seed20260905,r2__clipb16__gru512__seed20260905,20260905,0.25,inconclusive,-1.523572612089561,-0.08130280838317838,-0.8427270788368746,-0.7623068358440934,False
prefix__gru512__seed20260905,r2__clipb16__mean__seed20260905,20260905,0.0,robust_b,-1.921408449964269,-0.36305754872332807,-1.2088968506301436,-1.0803031844258217,False
prefix__gru512__seed20260905,r2__clipb16__mean__seed20260905,20260905,0.125,robust_b,-1.921408449964269,-0.36305754872332807,-1.2088968506301436,-1.0803031844258217,False
prefix__gru512__seed20260905,r2__clipb16__mean__seed20260905,20260905,0.25,robust_b,-1.921408449964269,-0.36305754872332807,-1.2088968506301436,-1.0803031844258217,False
prefix__gru512__seed20260905,r2__r18__gru128__seed20260905,20260905,0.0,inconclusive,-0.4486947870205088,0.4993185796902016,-0.00960170780343362,0.0601097541970404,True
prefix__gru512__seed20260905,r2__r18__gru128__seed20260905,20260905,0.125,inconclusive,-0.4486947870205088,0.4993185796902016,-0.00960170780343362,0.0601097541970404,True
prefix__gru512__seed20260905,r2__r18__gru128__seed20260905,20260905,0.25,inconclusive,-0.4486947870205088,0.4993185796902016,-0.00960170780343362,0.0601097541970404,True
prefix__gru512__seed20260905,r2__r18__gru512__seed20260905,20260905,0.0,inconclusive,-0.2890651111906456,0.7578909244874931,0.2054180276985318,0.2547156201450339,False
prefix__gru512__seed20260905,r2__r18__gru512__seed20260905,20260905,0.125,inconclusive,-0.2890651111906456,0.7578909244874931,0.2054180276985318,0.2547156201450339,False
prefix__gru512__seed20260905,r2__r18__gru512__seed20260905,20260905,0.25,inconclusive,-0.2890651111906456,0.7578909244874931,0.2054180276985318,0.2547156201450339,False
prefix__gru512__seed20260905,r2__r18__mean__seed20260905,20260905,0.0,inconclusive,-1.009858099414171,0.14781919396964305,-0.49040888705862995,-0.34470081746571457,False
prefix__gru512__seed20260905,r2__r18__mean__seed20260905,20260905,0.125,inconclusive,-1.009858099414171,0.14781919396964305,-0.49040888705862995,-0.34470081746571457,False
prefix__gru512__seed20260905,r2__r18__mean__seed20260905,20260905,0.25,inconclusive,-1.009858099414171,0.14781919396964305,-0.49040888705862995,-0.34470081746571457,False
r2__clipb16__gru128__seed20260903,r2__clipb16__gru512__seed20260903,20260903,0.0,inconclusive,-0.8001523901664754,0.439739836159711,-0.24544994434930312,-0.09364358812748275,False
r2__clipb16__gru128__seed20260903,r2__clipb16__gru512__seed20260903,20260903,0.125,inconclusive,-0.8001523901664754,0.439739836159711,-0.24544994434930312,-0.09364358812748275,False
r2__clipb16__gru128__seed20260903,r2__clipb16__gru512__seed20260903,20260903,0.25,inconclusive,-0.8001523901664754,0.439739836159711,-0.24544994434930312,-0.09364358812748275,False
r2__clipb16__gru128__seed20260903,r2__clipb16__mean__seed20260903,20260903,0.0,inconclusive,-0.8535470959113833,0.5455500366921128,-0.23416515229734922,-0.06645085824051884,False
r2__clipb16__gru128__seed20260903,r2__clipb16__mean__seed20260903,20260903,0.125,inconclusive,-0.8535470959113833,0.5455500366921128,-0.23416515229734922,-0.06645085824051884,False
r2__clipb16__gru128__seed20260903,r2__clipb16__mean__seed20260903,20260903,0.25,inconclusive,-0.8535470959113833,0.5455500366921128,-0.23416515229734922,-0.06645085824051884,False
r2__clipb16__gru128__seed20260903,r2__r18__gru128__seed20260903,20260903,0.0,robust_a,0.3253700457075863,1.801359307904094,1.0287246304265045,1.0832345170639102,False
r2__clipb16__gru128__seed20260903,r2__r18__gru128__seed20260903,20260903,0.125,robust_a,0.3253700457075863,1.801359307904094,1.0287246304265045,1.0832345170639102,False
r2__clipb16__gru128__seed20260903,r2__r18__gru128__seed20260903,20260903,0.25,robust_a,0.3253700457075863,1.801359307904094,1.0287246304265045,1.0832345170639102,False
r2__clipb16__gru128__seed20260903,r2__r18__gru512__seed20260903,20260903,0.0,inconclusive,-0.12433778801288953,1.4308656256571912,0.5906440575776519,0.7132190295492933,False
r2__clipb16__gru128__seed20260903,r2__r18__gru512__seed20260903,20260903,0.125,inconclusive,-0.12433778801288953,1.4308656256571912,0.5906440575776519,0.7132190295492933,False
r2__clipb16__gru128__seed20260903,r2__r18__gru512__seed20260903,20260903,0.25,inconclusive,-0.12433778801288953,1.4308656256571912,0.5906440575776519,0.7132190295492933,False
r2__clipb16__gru128__seed20260903,r2__r18__mean__seed20260903,20260903,0.0,inconclusive,-0.39719562775965866,1.2745684888698159,0.34974457165981776,0.5321043898050548,False
r2__clipb16__gru128__seed20260903,r2__r18__mean__seed20260903,20260903,0.125,inconclusive,-0.39719562775965866,1.2745684888698159,0.34974457165981776,0.5321043898050548,False
r2__clipb16__gru128__seed20260903,r2__r18__mean__seed20260903,20260903,0.25,inconclusive,-0.39719562775965866,1.2745684888698159,0.34974457165981776,0.5321043898050548,False
r2__clipb16__gru128__seed20260904,r2__clipb16__gru512__seed20260904,20260904,0.0,inconclusive,-0.2825477198921447,0.85199058289422,0.2702364959161269,0.29668323639814725,False
r2__clipb16__gru128__seed20260904,r2__clipb16__gru512__seed20260904,20260904,0.125,inconclusive,-0.2825477198921447,0.85199058289422,0.2702364959161269,0.29668323639814725,False
r2__clipb16__gru128__seed20260904,r2__clipb16__gru512__seed20260904,20260904,0.25,inconclusive,-0.2825477198921447,0.85199058289422,0.2702364959161269,0.29668323639814725,False
r2__clipb16__gru128__seed20260904,r2__clipb16__mean__seed20260904,20260904,0.0,inconclusive,-1.114816053052365,0.20369037193053185,-0.49708703870047244,-0.4106450941172324,False
r2__clipb16__gru128__seed20260904,r2__clipb16__mean__seed20260904,20260904,0.125,inconclusive,-1.114816053052365,0.20369037193053185,-0.49708703870047244,-0.4106450941172324,False
r2__clipb16__gru128__seed20260904,r2__clipb16__mean__seed20260904,20260904,0.25,inconclusive,-1.114816053052365,0.20369037193053185,-0.49708703870047244,-0.4106450941172324,False
r2__clipb16__gru128__seed20260904,r2__r18__gru128__seed20260904,20260904,0.0,robust_a,0.42113822897294984,1.855941754929662,1.0953234150349833,1.1996705366663973,False
r2__clipb16__gru128__seed20260904,r2__r18__gru128__seed20260904,20260904,0.125,robust_a,0.42113822897294984,1.855941754929662,1.0953234150349833,1.1996705366663973,False
r2__clipb16__gru128__seed20260904,r2__r18__gru128__seed20260904,20260904,0.25,robust_a,0.42113822897294984,1.855941754929662,1.0953234150349833,1.1996705366663973,False
r2__clipb16__gru128__seed20260904,r2__r18__gru512__seed20260904,20260904,0.0,inconclusive,-0.19621476353521528,1.2643725969033874,0.5030033510280433,0.5676641051969213,False
r2__clipb16__gru128__seed20260904,r2__r18__gru512__seed20260904,20260904,0.125,inconclusive,-0.19621476353521528,1.2643725969033874,0.5030033510280433,0.5676641051969213,False
r2__clipb16__gru128__seed20260904,r2__r18__gru512__seed20260904,20260904,0.25,inconclusive,-0.19621476353521528,1.2643725969033874,0.5030033510280433,0.5676641051969213,False
r2__clipb16__gru128__seed20260904,r2__r18__mean__seed20260904,20260904,0.0,inconclusive,-0.820533743034619,0.9097090847681228,-0.011449564482761179,0.09439533686553708,True
r2__clipb16__gru128__seed20260904,r2__r18__mean__seed20260904,20260904,0.125,inconclusive,-0.820533743034619,0.9097090847681228,-0.011449564482761179,0.09439533686553708,True
r2__clipb16__gru128__seed20260904,r2__r18__mean__seed20260904,20260904,0.25,inconclusive,-0.820533743034619,0.9097090847681228,-0.011449564482761179,0.09439533686553708,True
r2__clipb16__gru128__seed20260905,r2__clipb16__gru512__seed20260905,20260905,0.0,inconclusive,-0.827382777003592,0.2617972982416769,-0.3666523539113059,-0.21515860146222593,False
r2__clipb16__gru128__seed20260905,r2__clipb16__gru512__seed20260905,20260905,0.125,inconclusive,-0.827382777003592,0.2617972982416769,-0.3666523539113059,-0.21515860146222593,False
r2__clipb16__gru128__seed20260905,r2__clipb16__gru512__seed20260905,20260905,0.25,inconclusive,-0.827382777003592,0.2617972982416769,-0.3666523539113059,-0.21515860146222593,False
r2__clipb16__gru128__seed20260905,r2__clipb16__mean__seed20260905,20260905,0.0,protocol_specific,-1.3157176303615188,0.04565681344060191,-0.7305284652190919,-0.520955122144727,False
r2__clipb16__gru128__seed20260905,r2__clipb16__mean__seed20260905,20260905,0.125,protocol_specific,-1.3157176303615188,0.04565681344060191,-0.7305284652190919,-0.520955122144727,False
r2__clipb16__gru128__seed20260905,r2__clipb16__mean__seed20260905,20260905,0.25,inconclusive,-1.3157176303615188,0.04565681344060191,-0.7305284652190919,-0.520955122144727,False
r2__clipb16__gru128__seed20260905,r2__r18__gru128__seed20260905,20260905,0.0,inconclusive,-0.2135233369828206,1.2995180715202843,0.46313180645513524,0.6194578164781348,False
r2__clipb16__gru128__seed20260905,r2__r18__gru128__seed20260905,20260905,0.125,inconclusive,-0.2135233369828206,1.2995180715202843,0.46313180645513524,0.6194578164781348,False
r2__clipb16__gru128__seed20260905,r2__r18__gru128__seed20260905,20260905,0.25,inconclusive,-0.2135233369828206,1.2995180715202843,0.46313180645513524,0.6194578164781348,False
r2__clipb16__gru128__seed20260905,r2__r18__gru512__seed20260905,20260905,0.0,robust_a,0.003676556179517676,1.4653044041920462,0.6602755940508869,0.7859317833206171,False
r2__clipb16__gru128__seed20260905,r2__r18__gru512__seed20260905,20260905,0.125,inconclusive,0.003676556179517676,1.4653044041920462,0.6602755940508869,0.7859317833206171,False
r2__clipb16__gru128__seed20260905,r2__r18__gru512__seed20260905,20260905,0.25,inconclusive,0.003676556179517676,1.4653044041920462,0.6602755940508869,0.7859317833206171,False
r2__clipb16__gru128__seed20260905,r2__r18__mean__seed20260905,20260905,0.0,inconclusive,-0.73107894931372,0.9319390600444669,-0.00987358104545218,0.2146472448153801,True
r2__clipb16__gru128__seed20260905,r2__r18__mean__seed20260905,20260905,0.125,inconclusive,-0.73107894931372,0.9319390600444669,-0.00987358104545218,0.2146472448153801,True
r2__clipb16__gru128__seed20260905,r2__r18__mean__seed20260905,20260905,0.25,inconclusive,-0.73107894931372,0.9319390600444669,-0.00987358104545218,0.2146472448153801,True
r2__clipb16__gru512__seed20260903,r2__clipb16__mean__seed20260903,20260903,0.0,inconclusive,-0.42457440572959304,0.4706623297299596,0.011284792051953998,0.0359137456529912,False
r2__clipb16__gru512__seed20260903,r2__clipb16__mean__seed20260903,20260903,0.125,inconclusive,-0.42457440572959304,0.4706623297299596,0.011284792051953998,0.0359137456529912,False
r2__clipb16__gru512__seed20260903,r2__clipb16__mean__seed20260903,20260903,0.25,inconclusive,-0.42457440572959304,0.4706623297299596,0.011284792051953998,0.0359137456529912,False
r2__clipb16__gru512__seed20260903,r2__r18__gru128__seed20260903,20260903,0.0,robust_a,0.4643807126020477,1.9939220598837621,1.1768781051913928,1.2783731874649265,False
r2__clipb16__gru512__seed20260903,r2__r18__gru128__seed20260903,20260903,0.125,robust_a,0.4643807126020477,1.9939220598837621,1.1768781051913928,1.2783731874649265,False
r2__clipb16__gru512__seed20260903,r2__r18__gru128__seed20260903,20260903,0.25,robust_a,0.4643807126020477,1.9939220598837621,1.1768781051913928,1.2783731874649265,False
r2__clipb16__gru512__seed20260903,r2__r18__gru512__seed20260903,20260903,0.0,robust_a,0.07235641499320522,1.5855105384338786,0.804524221529511,0.8548383835131225,False
r2__clipb16__gru512__seed20260903,r2__r18__gru512__seed20260903,20260903,0.125,inconclusive,0.07235641499320522,1.5855105384338786,0.804524221529511,0.8548383835131225,False
r2__clipb16__gru512__seed20260903,r2__r18__gru512__seed20260903,20260903,0.25,inconclusive,0.07235641499320522,1.5855105384338786,0.804524221529511,0.8548383835131225,False
r2__clipb16__gru512__seed20260903,r2__r18__mean__seed20260903,20260903,0.0,inconclusive,-0.13492693608824124,1.3593958119955816,0.595194516009121,0.6257479779325377,False
r2__clipb16__gru512__seed20260903,r2__r18__mean__seed20260903,20260903,0.125,inconclusive,-0.13492693608824124,1.3593958119955816,0.595194516009121,0.6257479779325377,False
r2__clipb16__gru512__seed20260903,r2__r18__mean__seed20260903,20260903,0.25,inconclusive,-0.13492693608824124,1.3593958119955816,0.595194516009121,0.6257479779325377,False
r2__clipb16__gru512__seed20260904,r2__clipb16__mean__seed20260904,20260904,0.0,robust_b,-1.429606829170592,-0.029469894380928063,-0.7876618120461208,-0.6867836009439021,False
r2__clipb16__gru512__seed20260904,r2__clipb16__mean__seed20260904,20260904,0.125,protocol_specific,-1.429606829170592,-0.029469894380928063,-0.7876618120461208,-0.6867836009439021,False
r2__clipb16__gru512__seed20260904,r2__clipb16__mean__seed20260904,20260904,0.25,inconclusive,-1.429606829170592,-0.029469894380928063,-0.7876618120461208,-0.6867836009439021,False
r2__clipb16__gru512__seed20260904,r2__r18__gru128__seed20260904,20260904,0.0,robust_a,0.13777240126466073,1.5738083042712594,0.814044978496474,0.9294340407502701,False
r2__clipb16__gru512__seed20260904,r2__r18__gru128__seed20260904,20260904,0.125,robust_a,0.13777240126466073,1.5738083042712594,0.814044978496474,0.9294340407502701,False
r2__clipb16__gru512__seed20260904,r2__r18__gru128__seed20260904,20260904,0.25,protocol_specific,0.13777240126466073,1.5738083042712594,0.814044978496474,0.9294340407502701,False
r2__clipb16__gru512__seed20260904,r2__r18__gru512__seed20260904,20260904,0.0,inconclusive,-0.5134605163484878,1.0263744287214294,0.2090715127867022,0.29368440396566076,False
r2__clipb16__gru512__seed20260904,r2__r18__gru512__seed20260904,20260904,0.125,inconclusive,-0.5134605163484878,1.0263744287214294,0.2090715127867022,0.29368440396566076,False
r2__clipb16__gru512__seed20260904,r2__r18__gru512__seed20260904,20260904,0.25,inconclusive,-0.5134605163484878,1.0263744287214294,0.2090715127867022,0.29368440396566076,False
r2__clipb16__gru512__seed20260904,r2__r18__mean__seed20260904,20260904,0.0,inconclusive,-1.0694083203356703,0.603646986437899,-0.2816860603988881,-0.18014559239916178,False
r2__clipb16__gru512__seed20260904,r2__r18__mean__seed20260904,20260904,0.125,inconclusive,-1.0694083203356703,0.603646986437899,-0.2816860603988881,-0.18014559239916178,False
r2__clipb16__gru512__seed20260904,r2__r18__mean__seed20260904,20260904,0.25,inconclusive,-1.0694083203356703,0.603646986437899,-0.2816860603988881,-0.18014559239916178,False
r2__clipb16__gru512__seed20260905,r2__clipb16__mean__seed20260905,20260905,0.0,inconclusive,-0.9886110219913804,0.3279785751036637,-0.366169771793269,-0.30579652068250107,False
r2__clipb16__gru512__seed20260905,r2__clipb16__mean__seed20260905,20260905,0.125,inconclusive,-0.9886110219913804,0.3279785751036637,-0.366169771793269,-0.30579652068250107,False
r2__clipb16__gru512__seed20260905,r2__clipb16__mean__seed20260905,20260905,0.25,inconclusive,-0.9886110219913804,0.3279785751036637,-0.366169771793269,-0.30579652068250107,False
r2__clipb16__gru512__seed20260905,r2__r18__gru128__seed20260905,20260905,0.0,robust_a,0.08669876330912973,1.563357832360264,0.807449219819043,0.8478810373058359,False
r2__clipb16__gru512__seed20260905,r2__r18__gru128__seed20260905,20260905,0.125,protocol_specific,0.08669876330912973,1.563357832360264,0.807449219819043,0.8478810373058359,False
r2__clipb16__gru512__seed20260905,r2__r18__gru128__seed20260905,20260905,0.25,inconclusive,0.08669876330912973,1.563357832360264,0.807449219819043,0.8478810373058359,False
r2__clipb16__gru512__seed20260905,r2__r18__gru512__seed20260905,20260905,0.0,robust_a,0.2687900268703546,1.7862777499648121,0.9700495975388606,1.0912187204555441,False
r2__clipb16__gru512__seed20260905,r2__r18__gru512__seed20260905,20260905,0.125,robust_a,0.2687900268703546,1.7862777499648121,0.9700495975388606,1.0912187204555441,False
r2__clipb16__gru512__seed20260905,r2__r18__gru512__seed20260905,20260905,0.25,robust_a,0.2687900268703546,1.7862777499648121,0.9700495975388606,1.0912187204555441,False
r2__clipb16__gru512__seed20260905,r2__r18__mean__seed20260905,20260905,0.0,inconclusive,-0.4165287398604499,1.1888181850548252,0.3523181917782444,0.4298058462776059,False
r2__clipb16__gru512__seed20260905,r2__r18__mean__seed20260905,20260905,0.125,inconclusive,-0.4165287398604499,1.1888181850548252,0.3523181917782444,0.4298058462776059,False
r2__clipb16__gru512__seed20260905,r2__r18__mean__seed20260905,20260905,0.25,inconclusive,-0.4165287398604499,1.1888181850548252,0.3523181917782444,0.4298058462776059,False
r2__clipb16__mean__seed20260903,r2__r18__gru128__seed20260903,20260903,0.0,robust_a,0.4249831514986472,1.997022141289675,1.1496853753044287,1.2670883954129724,False
r2__clipb16__mean__seed20260903,r2__r18__gru128__seed20260903,20260903,0.125,robust_a,0.4249831514986472,1.997022141289675,1.1496853753044287,1.2670883954129724,False
r2__clipb16__mean__seed20260903,r2__r18__gru128__seed20260903,20260903,0.25,robust_a,0.4249831514986472,1.997022141289675,1.1496853753044287,1.2670883954129724,False
r2__clipb16__mean__seed20260903,r2__r18__gru512__seed20260903,20260903,0.0,robust_a,0.03851981403605953,1.5852010320911507,0.7796698877898119,0.8423824323958928,False
r2__clipb16__mean__seed20260903,r2__r18__gru512__seed20260903,20260903,0.125,inconclusive,0.03851981403605953,1.5852010320911507,0.7796698877898119,0.8423824323958928,False
r2__clipb16__mean__seed20260903,r2__r18__gru512__seed20260903,20260903,0.25,inconclusive,0.03851981403605953,1.5852010320911507,0.7796698877898119,0.8423824323958928,False
r2__clipb16__mean__seed20260903,r2__r18__mean__seed20260903,20260903,0.0,inconclusive,-0.1780556889407442,1.3549324565744532,0.5814799943001661,0.5985552480455737,False
r2__clipb16__mean__seed20260903,r2__r18__mean__seed20260903,20260903,0.125,inconclusive,-0.1780556889407442,1.3549324565744532,0.5814799943001661,0.5985552480455737,False
r2__clipb16__mean__seed20260903,r2__r18__mean__seed20260903,20260903,0.25,inconclusive,-0.1780556889407442,1.3549324565744532,0.5814799943001661,0.5985552480455737,False
r2__clipb16__mean__seed20260904,r2__r18__gru128__seed20260904,20260904,0.0,robust_a,0.7764346253915246,2.4116522126906372,1.5059685091522157,1.6956396918876107,False
r2__clipb16__mean__seed20260904,r2__r18__gru128__seed20260904,20260904,0.125,robust_a,0.7764346253915246,2.4116522126906372,1.5059685091522157,1.6956396918876107,False
r2__clipb16__mean__seed20260904,r2__r18__gru128__seed20260904,20260904,0.25,robust_a,0.7764346253915246,2.4116522126906372,1.5059685091522157,1.6956396918876107,False
r2__clipb16__mean__seed20260904,r2__r18__gru512__seed20260904,20260904,0.0,robust_a,0.2044086468258811,1.763104569379088,0.9553097908943641,1.0091044171682313,False
r2__clipb16__mean__seed20260904,r2__r18__gru512__seed20260904,20260904,0.125,robust_a,0.2044086468258811,1.763104569379088,0.9553097908943641,1.0091044171682313,False
r2__clipb16__mean__seed20260904,r2__r18__gru512__seed20260904,20260904,0.25,protocol_specific,0.2044086468258811,1.763104569379088,0.9553097908943641,1.0091044171682313,False
r2__clipb16__mean__seed20260904,r2__r18__mean__seed20260904,20260904,0.0,inconclusive,-0.3590976933088491,1.3451757232044925,0.4746151618690617,0.522138740417921,False
r2__clipb16__mean__seed20260904,r2__r18__mean__seed20260904,20260904,0.125,inconclusive,-0.3590976933088491,1.3451757232044925,0.4746151618690617,0.522138740417921,False
r2__clipb16__mean__seed20260904,r2__r18__mean__seed20260904,20260904,0.25,inconclusive,-0.3590976933088491,1.3451757232044925,0.4746151618690617,0.522138740417921,False
r2__clipb16__mean__seed20260905,r2__r18__gru128__seed20260905,20260905,0.0,robust_a,0.4320892507063737,1.91943873175738,1.1404129386228623,1.2012626648096851,False
r2__clipb16__mean__seed20260905,r2__r18__gru128__seed20260905,20260905,0.125,robust_a,0.4320892507063737,1.91943873175738,1.1404129386228623,1.2012626648096851,False
r2__clipb16__mean__seed20260905,r2__r18__gru128__seed20260905,20260905,0.25,robust_a,0.4320892507063737,1.91943873175738,1.1404129386228623,1.2012626648096851,False
r2__clipb16__mean__seed20260905,r2__r18__gru512__seed20260905,20260905,0.0,robust_a,0.5783824107987684,2.1614128947525244,1.293086675139533,1.4573884922488134,False
r2__clipb16__mean__seed20260905,r2__r18__gru512__seed20260905,20260905,0.125,robust_a,0.5783824107987684,2.1614128947525244,1.293086675139533,1.4573884922488134,False
r2__clipb16__mean__seed20260905,r2__r18__gru512__seed20260905,20260905,0.25,robust_a,0.5783824107987684,2.1614128947525244,1.293086675139533,1.4573884922488134,False
r2__clipb16__mean__seed20260905,r2__r18__mean__seed20260905,20260905,0.0,inconclusive,-0.05789647756199168,1.51387618691495,0.7184879635715133,0.7393132531676493,False
r2__clipb16__mean__seed20260905,r2__r18__mean__seed20260905,20260905,0.125,inconclusive,-0.05789647756199168,1.51387618691495,0.7184879635715133,0.7393132531676493,False
r2__clipb16__mean__seed20260905,r2__r18__mean__seed20260905,20260905,0.25,inconclusive,-0.05789647756199168,1.51387618691495,0.7184879635715133,0.7393132531676493,False
r2__r18__gru128__seed20260903,r2__r18__gru512__seed20260903,20260903,0.0,protocol_specific,-0.878840274077312,0.08246092220021206,-0.44227918553797174,-0.3393128201513228,False
r2__r18__gru128__seed20260903,r2__r18__gru512__seed20260903,20260903,0.125,inconclusive,-0.878840274077312,0.08246092220021206,-0.44227918553797174,-0.3393128201513228,False
r2__r18__gru128__seed20260903,r2__r18__gru512__seed20260903,20260903,0.25,inconclusive,-0.878840274077312,0.08246092220021206,-0.44227918553797174,-0.3393128201513228,False
r2__r18__gru128__seed20260903,r2__r18__mean__seed20260903,20260903,0.0,robust_b,-1.159719707242998,-0.07562224881380414,-0.6831786714558056,-0.5511301272588549,False
r2__r18__gru128__seed20260903,r2__r18__mean__seed20260903,20260903,0.125,protocol_specific,-1.159719707242998,-0.07562224881380414,-0.6831786714558056,-0.5511301272588549,False
r2__r18__gru128__seed20260903,r2__r18__mean__seed20260903,20260903,0.25,inconclusive,-1.159719707242998,-0.07562224881380414,-0.6831786714558056,-0.5511301272588549,False
r2__r18__gru128__seed20260904,r2__r18__gru512__seed20260904,20260904,0.0,robust_b,-1.200474693984618,-0.017594705362505403,-0.6885331121645754,-0.5315528717038062,False
r2__r18__gru128__seed20260904,r2__r18__gru512__seed20260904,20260904,0.125,protocol_specific,-1.200474693984618,-0.017594705362505403,-0.6885331121645754,-0.5315528717038062,False
r2__r18__gru128__seed20260904,r2__r18__gru512__seed20260904,20260904,0.25,inconclusive,-1.200474693984618,-0.017594705362505403,-0.6885331121645754,-0.5315528717038062,False
r2__r18__gru128__seed20260904,r2__r18__mean__seed20260904,20260904,0.0,robust_b,-1.8024735245812136,-0.4121190843840342,-1.2111201011491581,-1.0103956767131637,False
r2__r18__gru128__seed20260904,r2__r18__mean__seed20260904,20260904,0.125,robust_b,-1.8024735245812136,-0.4121190843840342,-1.2111201011491581,-1.0103956767131637,False
r2__r18__gru128__seed20260904,r2__r18__mean__seed20260904,20260904,0.25,robust_b,-1.8024735245812136,-0.4121190843840342,-1.2111201011491581,-1.0103956767131637,False
r2__r18__gru128__seed20260905,r2__r18__gru512__seed20260905,20260905,0.0,inconclusive,-0.33349071941144137,0.7512251783919817,0.15267373651667066,0.2580933494221036,False
r2__r18__gru128__seed20260905,r2__r18__gru512__seed20260905,20260905,0.125,inconclusive,-0.33349071941144137,0.7512251783919817,0.15267373651667066,0.2580933494221036,False
r2__r18__gru128__seed20260905,r2__r18__gru512__seed20260905,20260905,0.25,inconclusive,-0.33349071941144137,0.7512251783919817,0.15267373651667066,0.2580933494221036,False
r2__r18__gru128__seed20260905,r2__r18__mean__seed20260905,20260905,0.0,protocol_specific,-0.9381544232749506,0.04220374097530544,-0.48080717925519634,-0.404810571662755,False
r2__r18__gru128__seed20260905,r2__r18__mean__seed20260905,20260905,0.125,inconclusive,-0.9381544232749506,0.04220374097530544,-0.48080717925519634,-0.404810571662755,False
r2__r18__gru128__seed20260905,r2__r18__mean__seed20260905,20260905,0.25,inconclusive,-0.9381544232749506,0.04220374097530544,-0.48080717925519634,-0.404810571662755,False
r2__r18__gru512__seed20260903,r2__r18__mean__seed20260903,20260903,0.0,inconclusive,-0.7068165153773336,0.26932930388130494,-0.2478148532979559,-0.18111463974423833,False
r2__r18__gru512__seed20260903,r2__r18__mean__seed20260903,20260903,0.125,inconclusive,-0.7068165153773336,0.26932930388130494,-0.2478148532979559,-0.18111463974423833,False
r2__r18__gru512__seed20260903,r2__r18__mean__seed20260903,20260903,0.25,inconclusive,-0.7068165153773336,0.26932930388130494,-0.2478148532979559,-0.18111463974423833,False
r2__r18__gru512__seed20260904,r2__r18__mean__seed20260904,20260904,0.0,inconclusive,-1.1845580020149802,0.20258528339044396,-0.522586988984583,-0.4450982109104391,False
r2__r18__gru512__seed20260904,r2__r18__mean__seed20260904,20260904,0.125,inconclusive,-1.1845580020149802,0.20258528339044396,-0.522586988984583,-0.4450982109104391,False
r2__r18__gru512__seed20260904,r2__r18__mean__seed20260904,20260904,0.25,inconclusive,-1.1845580020149802,0.20258528339044396,-0.522586988984583,-0.4450982109104391,False
r2__r18__gru512__seed20260905,r2__r18__mean__seed20260905,20260905,0.0,robust_b,-1.2648462140388688,-0.03031489000074361,-0.7389005286772997,-0.5574843081794256,False
r2__r18__gru512__seed20260905,r2__r18__mean__seed20260905,20260905,0.125,protocol_specific,-1.2648462140388688,-0.03031489000074361,-0.7389005286772997,-0.5574843081794256,False
r2__r18__gru512__seed20260905,r2__r18__mean__seed20260905,20260905,0.25,inconclusive,-1.2648462140388688,-0.03031489000074361,-0.7389005286772997,-0.5574843081794256,False
