system_id,family,backbone,model_kind,arm_rule,arm_value,seed,commit_threshold,library_round,train_data_unknown,parent_system_id,horizon,weighting,n,delay,error,retracted,endpoint,anchor_accuracy,anchor_wrong_end_correct,anchor_correct_end_wrong,ever_correct_then_wrong
clip__r18mean__seed20260903,clip,r18,mean,mean_linear,,20260903,,R1,False,,10.0,micro,1113,5.732142857142856,5.590296495956872,0.14184636118598384,0.44654088050314467,0.42677448337825696,0.03863432165318958,0.01886792452830189,0.04402515723270441
clip__r18mean__seed20260903,clip,r18,mean,mean_linear,,20260903,,R1,False,,10.0,macro,1113,6.984783503029675,6.8363938834951785,0.14838961953449759,0.32744677099951836,0.3038757351665662,0.04273728367368725,0.019166247840735083,0.04418228031185165
clip__r18mean__seed20260904,clip,r18,mean,mean_linear,,20260904,,R1,False,,10.0,micro,1113,5.941374663072775,5.806154537286612,0.13522012578616355,0.42677448337825696,0.41778975741239893,0.03504043126684636,0.026055705300988323,0.04851752021563342
clip__r18mean__seed20260904,clip,r18,mean,mean_linear,,20260904,,R1,False,,10.0,macro,1113,7.234150391476359,7.1038002856435725,0.13035010583278728,0.29744220125271936,0.2880672106947013,0.033713145629329096,0.024338155071311075,0.04881539593131637
clip__r18mean__seed20260905,clip,r18,mean,mean_linear,,20260905,,R1,False,,10.0,micro,1113,5.7578616352201255,5.647012578616351,0.11084905660377359,0.44115004492362986,0.4294699011680144,0.03234501347708895,0.020664869721473494,0.03773584905660377
clip__r18mean__seed20260905,clip,r18,mean,mean_linear,,20260905,,R1,False,,10.0,macro,1113,7.1397878876855,7.0475235563042435,0.09226433138125609,0.3021094781885626,0.28586120676888277,0.03075811057268038,0.014509839153000595,0.03035389821348588
commit__margin0p1__prefix__gru512__seed20260903,commit,r18,gru512,commit_margin,0.1,20260903,0.1,R1,False,prefix__gru512__seed20260903,10.0,micro,1113,6.094676549865228,6.094676549865228,0.0,0.39982030548068287,0.32345013477088946,0.07637017070979336,0.0,0.0
commit__margin0p1__prefix__gru512__seed20260903,commit,r18,gru512,commit_margin,0.1,20260903,0.1,R1,False,prefix__gru512__seed20260903,10.0,macro,1113,7.181400467210593,7.181400467210593,0.0,0.2928770802967045,0.22749302592852078,0.06538405436818376,0.0,0.0
commit__margin0p1__prefix__gru512__seed20260904,commit,r18,gru512,commit_margin,0.1,20260904,0.1,R1,False,prefix__gru512__seed20260904,10.0,micro,1113,5.895552560646899,5.895552560646899,0.0,0.4195867026055705,0.3477088948787062,0.07187780772686433,0.0,0.0
commit__margin0p1__prefix__gru512__seed20260904,commit,r18,gru512,commit_margin,0.1,20260904,0.1,R1,False,prefix__gru512__seed20260904,10.0,macro,1113,7.084151630237124,7.084151630237124,0.0,0.30067700628737437,0.24094795093720617,0.059729055350168155,0.0,0.0
commit__margin0p1__prefix__gru512__seed20260905,commit,r18,gru512,commit_margin,0.1,20260905,0.1,R1,False,prefix__gru512__seed20260905,10.0,micro,1113,6.009321653189576,6.009321653189576,0.0,0.40161725067385445,0.3665768194070081,0.03504043126684636,0.0,0.0
commit__margin0p1__prefix__gru512__seed20260905,commit,r18,gru512,commit_margin,0.1,20260905,0.1,R1,False,prefix__gru512__seed20260905,10.0,macro,1113,7.08465430809261,7.08465430809261,0.0,0.29329560182895104,0.2627460137145161,0.030549588114434895,0.0,0.0
commit__margin0p2__prefix__gru512__seed20260903,commit,r18,gru512,commit_margin,0.2,20260903,0.2,R1,False,prefix__gru512__seed20260903,10.0,micro,1113,6.439240790655884,6.439240790655884,0.0,0.38185085354896675,0.26415094339622647,0.11769991015274034,0.0,0.0
commit__margin0p2__prefix__gru512__seed20260903,commit,r18,gru512,commit_margin,0.2,20260903,0.2,R1,False,prefix__gru512__seed20260903,10.0,macro,1113,7.516212693975911,7.516212693975911,0.0,0.2749003884579818,0.17469662901918034,0.10020375943880143,0.0,0.0
commit__margin0p2__prefix__gru512__seed20260904,commit,r18,gru512,commit_margin,0.2,20260904,0.2,R1,False,prefix__gru512__seed20260904,10.0,micro,1113,6.194519317160825,6.194519317160825,0.0,0.40161725067385445,0.29380053908355797,0.1078167115902965,0.0,0.0
commit__margin0p2__prefix__gru512__seed20260904,commit,r18,gru512,commit_margin,0.2,20260904,0.2,R1,False,prefix__gru512__seed20260904,10.0,macro,1113,7.356476296525994,7.356476296525994,0.0,0.28281878842353236,0.1993151998183952,0.08350358860513718,0.0,0.0
commit__margin0p2__prefix__gru512__seed20260905,commit,r18,gru512,commit_margin,0.2,20260905,0.2,R1,False,prefix__gru512__seed20260905,10.0,micro,1113,6.070193171608264,6.070193171608264,0.0,0.40161725067385445,0.33782569631626236,0.0637915543575921,0.0,0.0
commit__margin0p2__prefix__gru512__seed20260905,commit,r18,gru512,commit_margin,0.2,20260905,0.2,R1,False,prefix__gru512__seed20260905,10.0,macro,1113,7.1429300359274635,7.1429300359274635,0.0,0.29220807298003953,0.23812737580912363,0.054080697170915897,0.0,0.0
commit__margin0p4__prefix__gru512__seed20260903,commit,r18,gru512,commit_margin,0.4,20260903,0.4,R1,False,prefix__gru512__seed20260903,10.0,micro,1113,7.438903863432163,7.438903863432163,0.0,0.28751123090745734,0.17969451931716082,0.1078167115902965,0.0,0.0
commit__margin0p4__prefix__gru512__seed20260903,commit,r18,gru512,commit_margin,0.4,20260903,0.4,R1,False,prefix__gru512__seed20260903,10.0,macro,1113,8.298835307251581,8.298835307251581,0.0,0.19264699551561176,0.1157125193072126,0.07693447620839919,0.0,0.0
commit__margin0p4__prefix__gru512__seed20260904,commit,r18,gru512,commit_margin,0.4,20260904,0.4,R1,False,prefix__gru512__seed20260904,10.0,micro,1113,7.21248876909254,7.21248876909254,0.0,0.31176999101527403,0.19137466307277629,0.12039532794249776,0.0,0.0
commit__margin0p4__prefix__gru512__seed20260904,commit,r18,gru512,commit_margin,0.4,20260904,0.4,R1,False,prefix__gru512__seed20260904,10.0,macro,1113,8.109643464559563,8.109643464559563,0.0,0.21464527849480186,0.12604930036702866,0.08859597812777315,0.0,0.0
commit__margin0p4__prefix__gru512__seed20260905,commit,r18,gru512,commit_margin,0.4,20260905,0.4,R1,False,prefix__gru512__seed20260905,10.0,micro,1113,6.443957771787959,6.443957771787959,0.0,0.3845462713387242,0.27403414195867026,0.11051212938005392,0.0,0.0
commit__margin0p4__prefix__gru512__seed20260905,commit,r18,gru512,commit_margin,0.4,20260905,0.4,R1,False,prefix__gru512__seed20260905,10.0,macro,1113,7.4317129470511825,7.4317129470511825,0.0,0.27820271516319084,0.1899582031508325,0.08824451201235829,0.0,0.0
commit__margin0p6__prefix__gru512__seed20260903,commit,r18,gru512,commit_margin,0.6,20260903,0.6,R1,False,prefix__gru512__seed20260903,10.0,micro,1113,8.386680143755612,8.386680143755612,0.0,0.1868823000898473,0.1051212938005391,0.08176100628930817,0.0,0.0
commit__margin0p6__prefix__gru512__seed20260903,commit,r18,gru512,commit_margin,0.6,20260903,0.6,R1,False,prefix__gru512__seed20260903,10.0,macro,1113,8.936574028175826,8.936574028175826,0.0,0.12461114454403704,0.06775364291476645,0.0568575016292706,0.0,0.0
commit__margin0p6__prefix__gru512__seed20260904,commit,r18,gru512,commit_margin,0.6,20260904,0.6,R1,False,prefix__gru512__seed20260904,10.0,micro,1113,8.357255166217428,8.357255166217428,0.0,0.19047619047619047,0.11051212938005392,0.07996406109613657,0.0,0.0
commit__margin0p6__prefix__gru512__seed20260904,commit,r18,gru512,commit_margin,0.6,20260904,0.6,R1,False,prefix__gru512__seed20260904,10.0,macro,1113,8.921314767236952,8.921314767236952,0.0,0.12703128905729455,0.07102027044131808,0.056011018615976474,0.0,0.0
commit__margin0p6__prefix__gru512__seed20260905,commit,r18,gru512,commit_margin,0.6,20260905,0.6,R1,False,prefix__gru512__seed20260905,10.0,micro,1113,7.161388140161723,7.161388140161723,0.0,0.32075471698113206,0.2012578616352201,0.11949685534591195,0.0,0.0
commit__margin0p6__prefix__gru512__seed20260905,commit,r18,gru512,commit_margin,0.6,20260905,0.6,R1,False,prefix__gru512__seed20260905,10.0,macro,1113,8.02838815134799,8.02838815134799,0.0,0.22839718509096346,0.1332009363457582,0.09519624874520528,0.0,0.0
commit__msp0p5__prefix__gru512__seed20260903,commit,r18,gru512,commit_msp,0.5,20260903,0.5,R1,False,prefix__gru512__seed20260903,10.0,micro,1113,6.703840970350402,6.703840970350402,0.0,0.3593890386343217,0.2416891284815813,0.11769991015274034,0.0,0.0
commit__msp0p5__prefix__gru512__seed20260903,commit,r18,gru512,commit_msp,0.5,20260903,0.5,R1,False,prefix__gru512__seed20260903,10.0,macro,1113,7.770670964735046,7.770670964735046,0.0,0.2516773118915345,0.15844540717788225,0.09323190471365228,0.0,0.0
commit__msp0p5__prefix__gru512__seed20260904,commit,r18,gru512,commit_msp,0.5,20260904,0.5,R1,False,prefix__gru512__seed20260904,10.0,micro,1113,6.495283018867923,6.495283018867923,0.0,0.37646001796945194,0.270440251572327,0.1060197663971249,0.0,0.0
commit__msp0p5__prefix__gru512__seed20260904,commit,r18,gru512,commit_msp,0.5,20260904,0.5,R1,False,prefix__gru512__seed20260904,10.0,macro,1113,7.58450454845455,7.58450454845455,0.0,0.2620425941386352,0.18213734802265197,0.07990524611598318,0.0,0.0
commit__msp0p5__prefix__gru512__seed20260905,commit,r18,gru512,commit_msp,0.5,20260905,0.5,R1,False,prefix__gru512__seed20260905,10.0,micro,1113,6.210130278526504,6.210130278526504,0.0,0.39173405211141066,0.33153638814016173,0.060197663971248885,0.0,0.0
commit__msp0p5__prefix__gru512__seed20260905,commit,r18,gru512,commit_msp,0.5,20260905,0.5,R1,False,prefix__gru512__seed20260905,10.0,macro,1113,7.268605633868195,7.268605633868195,0.0,0.28224902620346626,0.23349368813091123,0.04875533807255504,0.0,0.0
commit__msp0p6__prefix__gru512__seed20260903,commit,r18,gru512,commit_msp,0.6,20260903,0.6,R1,False,prefix__gru512__seed20260903,10.0,micro,1113,7.522124887690923,7.522124887690923,0.0,0.28212039532794253,0.17699910152740345,0.10512129380053908,0.0,0.0
commit__msp0p6__prefix__gru512__seed20260903,commit,r18,gru512,commit_msp,0.6,20260903,0.6,R1,False,prefix__gru512__seed20260903,10.0,macro,1113,8.353803881257534,8.353803881257534,0.0,0.18789824560912466,0.11283477298255146,0.0750634726265732,0.0,0.0
commit__msp0p6__prefix__gru512__seed20260904,commit,r18,gru512,commit_msp,0.6,20260904,0.6,R1,False,prefix__gru512__seed20260904,10.0,micro,1113,7.216981132075469,7.216981132075469,0.0,0.3090745732255167,0.1976639712488769,0.11141060197663971,0.0,0.0
commit__msp0p6__prefix__gru512__seed20260904,commit,r18,gru512,commit_msp,0.6,20260904,0.6,R1,False,prefix__gru512__seed20260904,10.0,macro,1113,8.120671428557241,8.120671428557241,0.0,0.21125017419221703,0.13093116854113307,0.08031900565108396,0.0,0.0
commit__msp0p6__prefix__gru512__seed20260905,commit,r18,gru512,commit_msp,0.6,20260905,0.6,R1,False,prefix__gru512__seed20260905,10.0,micro,1113,6.377695417789756,6.377695417789756,0.0,0.38544474393531,0.2839173405211141,0.10152740341419587,0.0,0.0
commit__msp0p6__prefix__gru512__seed20260905,commit,r18,gru512,commit_msp,0.6,20260905,0.6,R1,False,prefix__gru512__seed20260905,10.0,macro,1113,7.377439392956559,7.377439392956559,0.0,0.2781994960027478,0.19591084668540323,0.08228864931734457,0.0,0.0
commit__msp0p7__prefix__gru512__seed20260903,commit,r18,gru512,commit_msp,0.7,20260903,0.7,R1,False,prefix__gru512__seed20260903,10.0,micro,1113,8.122866127583105,8.122866127583105,0.0,0.2183288409703504,0.1302785265049416,0.08805031446540881,0.0,0.0
commit__msp0p7__prefix__gru512__seed20260903,commit,r18,gru512,commit_msp,0.7,20260903,0.7,R1,False,prefix__gru512__seed20260903,10.0,macro,1113,8.767843935844516,8.767843935844516,0.0,0.14561961610877464,0.08406162730172138,0.061557988807053245,0.0,0.0
commit__msp0p7__prefix__gru512__seed20260904,commit,r18,gru512,commit_msp,0.7,20260904,0.7,R1,False,prefix__gru512__seed20260904,10.0,micro,1113,8.056603773584904,8.056603773584904,0.0,0.22461814914645106,0.1293800539083558,0.09523809523809523,0.0,0.0
commit__msp0p7__prefix__gru512__seed20260904,commit,r18,gru512,commit_msp,0.7,20260904,0.7,R1,False,prefix__gru512__seed20260904,10.0,macro,1113,8.729506010158884,8.729506010158884,0.0,0.15034733607570544,0.082393953233689,0.06795338284201644,0.0,0.0
commit__msp0p7__prefix__gru512__seed20260905,commit,r18,gru512,commit_msp,0.7,20260905,0.7,R1,False,prefix__gru512__seed20260905,10.0,micro,1113,6.90464959568733,6.90464959568733,0.0,0.3423180592991914,0.23000898472596587,0.11230907457322552,0.0,0.0
commit__msp0p7__prefix__gru512__seed20260905,commit,r18,gru512,commit_msp,0.7,20260905,0.7,R1,False,prefix__gru512__seed20260905,10.0,macro,1113,7.795092379311216,7.795092379311216,0.0,0.24846925848616713,0.1567848582953033,0.09168440019086381,0.0,0.0
commit__msp0p8__prefix__gru512__seed20260903,commit,r18,gru512,commit_msp,0.8,20260903,0.8,R1,False,prefix__gru512__seed20260903,10.0,micro,1113,8.822663971248872,8.822663971248872,0.0,0.13746630727762804,0.07367475292003595,0.0637915543575921,0.0,0.0
commit__msp0p8__prefix__gru512__seed20260903,commit,r18,gru512,commit_msp,0.8,20260903,0.8,R1,False,prefix__gru512__seed20260903,10.0,macro,1113,9.231309717859599,9.231309717859599,0.0,0.09172978950728611,0.04732235260065026,0.04440743690663584,0.0,0.0
commit__msp0p8__prefix__gru512__seed20260904,commit,r18,gru512,commit_msp,0.8,20260904,0.8,R1,False,prefix__gru512__seed20260904,10.0,micro,1113,8.903077268643303,8.903077268643303,0.0,0.12938005390835577,0.06738544474393532,0.06199460916442048,0.0,0.0
commit__msp0p8__prefix__gru512__seed20260904,commit,r18,gru512,commit_msp,0.8,20260904,0.8,R1,False,prefix__gru512__seed20260904,10.0,macro,1113,9.299125868356278,9.299125868356278,0.0,0.08270855375656674,0.04207345048318853,0.04063510327337821,0.0,0.0
commit__msp0p8__prefix__gru512__seed20260905,commit,r18,gru512,commit_msp,0.8,20260905,0.8,R1,False,prefix__gru512__seed20260905,10.0,micro,1113,7.490229110512127,7.490229110512127,0.0,0.2920035938903863,0.16891284815813118,0.12309074573225516,0.0,0.0
commit__msp0p8__prefix__gru512__seed20260905,commit,r18,gru512,commit_msp,0.8,20260905,0.8,R1,False,prefix__gru512__seed20260905,10.0,macro,1113,8.2862454699485,8.2862454699485,0.0,0.2061625796201434,0.11209119657308883,0.09407138304705454,0.0,0.0
commit__msp0p9__prefix__gru512__seed20260903,commit,r18,gru512,commit_msp,0.9,20260903,0.9,R1,False,prefix__gru512__seed20260903,10.0,micro,1113,9.401954177897569,9.401954177897569,0.0,0.07187780772686433,0.03504043126684636,0.03683737646001797,0.0,0.0
commit__msp0p9__prefix__gru512__seed20260903,commit,r18,gru512,commit_msp,0.9,20260903,0.9,R1,False,prefix__gru512__seed20260903,10.0,macro,1113,9.618299533948267,9.618299533948267,0.0,0.0462416415452092,0.02209631728045326,0.024145324264755946,0.0,0.0
commit__msp0p9__prefix__gru512__seed20260904,commit,r18,gru512,commit_msp,0.9,20260904,0.9,R1,False,prefix__gru512__seed20260904,10.0,micro,1113,9.562219227313562,9.562219227313562,0.0,0.053009883198562445,0.026055705300988323,0.026954177897574125,0.0,0.0
commit__msp0p9__prefix__gru512__seed20260904,commit,r18,gru512,commit_msp,0.9,20260904,0.9,R1,False,prefix__gru512__seed20260904,10.0,macro,1113,9.724737286716135,9.724737286716135,0.0,0.033218028357741576,0.016430594900849856,0.016787433456891716,0.0,0.0
commit__msp0p9__prefix__gru512__seed20260905,commit,r18,gru512,commit_msp,0.9,20260905,0.9,R1,False,prefix__gru512__seed20260905,10.0,micro,1113,8.44159928122192,8.44159928122192,0.0,0.17879604672057503,0.10512129380053908,0.07367475292003595,0.0,0.0
commit__msp0p9__prefix__gru512__seed20260905,commit,r18,gru512,commit_msp,0.9,20260905,0.9,R1,False,prefix__gru512__seed20260905,10.0,macro,1113,8.967384867640341,8.967384867640341,0.0,0.11962037424889801,0.06750546241887445,0.05211491183002357,0.0,0.0
postproc__ema0p2__prefix__gru512__seed20260904,postproc,r18,gru512,ema,0.2,20260904,,R1,False,prefix__gru512__seed20260904,10.0,micro,1113,6.416442048517519,5.781109613656783,0.6353324348607368,0.41509433962264153,0.42138364779874216,0.04851752021563342,0.05480682839173405,0.17610062893081763
postproc__ema0p2__prefix__gru512__seed20260904,postproc,r18,gru512,ema,0.2,20260904,,R1,False,prefix__gru512__seed20260904,10.0,macro,1113,7.448901799082892,6.921511183505164,0.5273906155777286,0.3080040175450834,0.30244636218868404,0.04732002736873883,0.041762372012339476,0.15262743382267122
postproc__ema0p2__prefix__gru512__seed20260905,postproc,r18,gru512,ema,0.2,20260905,,R1,False,prefix__gru512__seed20260905,10.0,micro,1113,6.530884995507635,5.954177897574123,0.576707097933513,0.40161725067385445,0.3980233602875113,0.06558849955076371,0.06199460916442048,0.1527403414195867
postproc__ema0p2__prefix__gru512__seed20260905,postproc,r18,gru512,ema,0.2,20260905,,R1,False,prefix__gru512__seed20260905,10.0,macro,1113,7.514219837577469,7.041561731409531,0.47265810616793935,0.29851536359420294,0.2914103334269731,0.05827291179335607,0.05116788162612629,0.12360557016829982
postproc__ema0p7__prefix__gru512__seed20260903,postproc,r18,gru512,ema,0.7,20260903,,R1,False,prefix__gru512__seed20260903,10.0,micro,1113,7.058288409703502,6.005503144654087,1.052785265049416,0.40071877807726863,0.3926325247079965,0.07996406109613657,0.07187780772686433,0.30188679245283023
postproc__ema0p7__prefix__gru512__seed20260903,postproc,r18,gru512,ema,0.7,20260903,,R1,False,prefix__gru512__seed20260903,10.0,macro,1113,7.900686750253573,7.0054899768993995,0.8951967733541741,0.30823527094456526,0.29745879017968335,0.06966618776203057,0.05888970699714865,0.26328332469492355
postproc__hysteresis0p05__prefix__gru512__seed20260904,postproc,r18,gru512,hysteresis,0.05,20260904,,R1,False,prefix__gru512__seed20260904,10.0,micro,1113,6.544699011680143,5.788185085354896,0.756513926325247,0.422282120395328,0.4168912848158131,0.058400718778077274,0.053009883198562445,0.22012578616352202
postproc__hysteresis0p05__prefix__gru512__seed20260904,postproc,r18,gru512,hysteresis,0.05,20260904,,R1,False,prefix__gru512__seed20260904,10.0,macro,1113,7.533788539412074,6.907691758056193,0.6260967813558804,0.31705997719610773,0.30079153060966246,0.0543629381811408,0.0380944915946955,0.1960056946939726
postproc__hysteresis0p05__prefix__gru512__seed20260905,postproc,r18,gru512,hysteresis,0.05,20260905,,R1,False,prefix__gru512__seed20260905,10.0,micro,1113,6.722259658580413,5.97113656783468,0.7511230907457324,0.4025157232704403,0.39802336028751123,0.07097933513027853,0.06648697214734951,0.2210242587601078
postproc__hysteresis0p05__prefix__gru512__seed20260905,postproc,r18,gru512,hysteresis,0.05,20260905,,R1,False,prefix__gru512__seed20260905,10.0,macro,1113,7.68148887670481,7.048590413923961,0.6328984627808496,0.29477803657529333,0.2886973343904323,0.06225612322602751,0.05617542104116646,0.18964664397701597
postproc__hysteresis0p2__prefix__gru512__seed20260903,postproc,r18,gru512,hysteresis,0.2,20260903,,R1,False,prefix__gru512__seed20260903,10.0,micro,1113,6.347821203953278,5.896787960467204,0.4510332434860737,0.4088050314465409,0.3953279424977539,0.06558849955076371,0.052111410601976646,0.10062893081761007
postproc__hysteresis0p2__prefix__gru512__seed20260903,postproc,r18,gru512,hysteresis,0.2,20260903,,R1,False,prefix__gru512__seed20260903,10.0,macro,1113,7.354530110103267,6.998690619526272,0.35583949057699577,0.3079829733161946,0.2790908349725642,0.07020933740823151,0.04131719906460106,0.08208445959944316
postproc__majority2__prefix__gru512__seed20260903,postproc,r18,gru512,majority,2.0,20260903,,R1,False,prefix__gru512__seed20260903,10.0,micro,1113,7.117924528301884,6.011455525606468,1.1064690026954178,0.3998203054806828,0.39622641509433965,0.07726864330637917,0.07367475292003595,0.3234501347708895
postproc__majority2__prefix__gru512__seed20260903,postproc,r18,gru512,majority,2.0,20260903,,R1,False,prefix__gru512__seed20260903,10.0,macro,1113,7.952688368785586,7.012957196633582,0.9397311721520051,0.305284286799448,0.2960577707726284,0.06983352497738284,0.06060700895056326,0.28646690165712635
postproc__majority2__prefix__gru512__seed20260904,postproc,r18,gru512,majority,2.0,20260904,,R1,False,prefix__gru512__seed20260904,10.0,micro,1113,6.841307277628031,5.806603773584905,1.0347035040431267,0.4141958670260557,0.4159928122192273,0.05929919137466308,0.061096136567834684,0.2964959568733154
postproc__majority2__prefix__gru512__seed20260904,postproc,r18,gru512,majority,2.0,20260904,,R1,False,prefix__gru512__seed20260904,10.0,macro,1113,7.75825470603656,6.915411948307383,0.8428427577291784,0.31141199848944,0.30578767334542845,0.05707583595874288,0.0514515108147313,0.27153837333208075
postproc__majority9__prefix__gru512__seed20260905,postproc,r18,gru512,majority,9.0,20260905,,R1,False,prefix__gru512__seed20260905,10.0,micro,1113,6.613881401617249,5.980233602875112,0.6336477987421383,0.39982030548068287,0.40161725067385445,0.06558849955076371,0.06738544474393532,0.16442048517520216
postproc__majority9__prefix__gru512__seed20260905,postproc,r18,gru512,majority,9.0,20260905,,R1,False,prefix__gru512__seed20260905,10.0,macro,1113,7.564921160498644,7.0539935876975495,0.5109275728010957,0.2970885814287831,0.2975991216132364,0.05384704118751662,0.054357581371969846,0.13575655811152398
postproc__patience2__prefix__gru512__seed20260903,postproc,r18,gru512,patience,2.0,20260903,,R1,False,prefix__gru512__seed20260903,10.0,micro,1113,7.031446540880502,6.003144654088049,1.0283018867924532,0.39622641509433965,0.39622641509433965,0.07457322551662174,0.07457322551662174,0.2857142857142857
postproc__patience2__prefix__gru512__seed20260903,postproc,r18,gru512,patience,2.0,20260903,,R1,False,prefix__gru512__seed20260903,10.0,macro,1113,7.867031961248594,7.009439997269648,0.8575919639789475,0.3034661973696249,0.30426980318482955,0.06604029561692423,0.0668439014321289,0.2515154664972715
postproc__patience2__prefix__gru512__seed20260904,postproc,r18,gru512,patience,2.0,20260904,,R1,False,prefix__gru512__seed20260904,10.0,micro,1113,6.697214734950582,5.800426774483378,0.8967879604672058,0.41599281221922735,0.41689128481581317,0.05929919137466307,0.06019766397124888,0.2587601078167116
postproc__patience2__prefix__gru512__seed20260904,postproc,r18,gru512,patience,2.0,20260904,,R1,False,prefix__gru512__seed20260904,10.0,macro,1113,7.647596374611858,6.912915648596131,0.7346807260157268,0.31306288041586894,0.3004978929201634,0.058349017754689994,0.04578403025898443,0.2291435621353447
postproc__patience6__prefix__gru512__seed20260905,postproc,r18,gru512,patience,6.0,20260905,,R1,False,prefix__gru512__seed20260905,10.0,micro,1113,6.560534591194967,5.968216531895777,0.5923180592991915,0.39892183288409705,0.4016172506738545,0.06828391734052111,0.07097933513027853,0.13746630727762804
postproc__patience6__prefix__gru512__seed20260905,postproc,r18,gru512,patience,6.0,20260905,,R1,False,prefix__gru512__seed20260905,10.0,macro,1113,7.526967164182945,7.050737557719923,0.4762296064630217,0.2912882608190648,0.2950119522510335,0.054211428029178665,0.0579351194611473,0.11078579024785137
prefix__gru128__seed20260903,prefix,r18,gru128,gru128,,20260903,,R1,False,,10.0,micro,1113,6.80783917340521,5.7739218328840956,1.0339173405211142,0.41778975741239893,0.43486073674752923,0.058400718778077274,0.07547169811320756,0.30727762803234504
prefix__gru128__seed20260903,prefix,r18,gru128,gru128,,20260903,,R1,False,,10.0,macro,1113,7.930370159663015,7.083109395110457,0.8472607645525589,0.2870115660582364,0.30303002988817085,0.05077252345019152,0.06679098728012602,0.2798399986024005
prefix__gru128__seed20260904,prefix,r18,gru128,gru128,,20260904,,R1,False,,10.0,micro,1113,6.91475741239892,5.879941599281221,1.0348158131177,0.40521114106019773,0.4097035040431267,0.06109613656783469,0.06558849955076371,0.28840970350404316
prefix__gru128__seed20260904,prefix,r18,gru128,gru128,,20260904,,R1,False,,10.0,macro,1113,7.920186555548397,7.032643848677923,0.8875427068704743,0.2921509117151752,0.29128811186048387,0.05248584729799412,0.05162304744330276,0.26761063752562475
prefix__gru128__seed20260905,prefix,r18,gru128,gru128,,20260905,,R1,False,,10.0,micro,1113,6.700471698113206,5.543126684636118,1.157345013477089,0.44384546271338726,0.4492362982929021,0.061096136567834684,0.0664869721473495,0.3009883198562444
prefix__gru128__seed20260905,prefix,r18,gru128,gru128,,20260905,,R1,False,,10.0,macro,1113,7.767197141395834,6.788186790785705,0.9790103506101295,0.32252644607972614,0.31955254833892366,0.061163183740223816,0.05818928599942129,0.26179547958011373
prefix__gru512__seed20260903,prefix,r18,gru512,gru512,,20260903,,R1,False,,10.0,micro,1113,7.117924528301884,6.011455525606468,1.1064690026954178,0.3998203054806828,0.39622641509433965,0.07726864330637917,0.07367475292003595,0.3234501347708895
prefix__gru512__seed20260903,prefix,r18,gru512,gru512,,20260903,,R1,False,,10.0,macro,1113,7.952688368785586,7.012957196633582,0.9397311721520051,0.305284286799448,0.2960577707726284,0.06983352497738284,0.06060700895056326,0.28646690165712635
prefix__gru512__seed20260904,prefix,r18,gru512,gru512,,20260904,,R1,False,,10.0,micro,1113,6.841307277628031,5.806603773584905,1.0347035040431267,0.4141958670260557,0.4159928122192273,0.05929919137466308,0.061096136567834684,0.2964959568733154
prefix__gru512__seed20260904,prefix,r18,gru512,gru512,,20260904,,R1,False,,10.0,macro,1113,7.75825470603656,6.915411948307383,0.8428427577291784,0.31141199848944,0.30578767334542845,0.05707583595874288,0.0514515108147313,0.27153837333208075
prefix__gru512__seed20260905,prefix,r18,gru512,gru512,,20260905,,R1,False,,10.0,micro,1113,6.819519317160825,5.981693620844563,0.8378256963162624,0.40161725067385445,0.39712488769092547,0.06738544474393532,0.06289308176100629,0.261455525606469
prefix__gru512__seed20260905,prefix,r18,gru512,gru512,,20260905,,R1,False,,10.0,macro,1113,7.742874952963765,7.050143242011234,0.6927317109525313,0.29561321423653775,0.2894276452107174,0.06014713453562501,0.05396156550980473,0.2234096330995928
r2__clipb16__gru128__ringel__seed20260903,commit,clipb16,gru128,ringel2024_conditional_adapt,,20260903,,R2,True,r2__clipb16__gru128__seed20260903,10.0,micro,1113,9.950808625336926,9.950808625336926,0.0,0.3935309973045823,0.0,0.3935309973045823,0.0,0.0
r2__clipb16__gru128__ringel__seed20260903,commit,clipb16,gru128,ringel2024_conditional_adapt,,20260903,,R2,True,r2__clipb16__gru128__seed20260903,10.0,macro,1113,9.955339135730352,9.955339135730352,0.0,0.35728691415719227,0.0,0.35728691415719227,0.0,0.0
r2__clipb16__gru128__ringel__seed20260904,commit,clipb16,gru128,ringel2024_conditional_adapt,,20260904,,R2,True,r2__clipb16__gru128__seed20260904,10.0,micro,1113,9.955750224618146,9.955750224618146,0.0,0.3539982030548069,0.0,0.3539982030548069,0.0,0.0
r2__clipb16__gru128__ringel__seed20260904,commit,clipb16,gru128,ringel2024_conditional_adapt,,20260904,,R2,True,r2__clipb16__gru128__seed20260904,10.0,macro,1113,9.956153366802194,9.956153366802194,0.0,0.3507730655824396,0.0,0.3507730655824396,0.0,0.0
r2__clipb16__gru128__ringel__seed20260905,commit,clipb16,gru128,ringel2024_conditional_adapt,,20260905,,R2,True,r2__clipb16__gru128__seed20260905,10.0,micro,1113,9.952156334231804,9.952156334231804,0.0,0.38274932614555257,0.0,0.38274932614555257,0.0,0.0
r2__clipb16__gru128__ringel__seed20260905,commit,clipb16,gru128,ringel2024_conditional_adapt,,20260905,,R2,True,r2__clipb16__gru128__seed20260905,10.0,macro,1113,9.958960942187218,9.958960942187218,0.0,0.3283124625022387,0.0,0.3283124625022387,0.0,0.0
r2__clipb16__gru128__seed20260903,prefix,clipb16,gru128,gru128,,20260903,,R2,True,,10.0,micro,1113,6.764038634321651,6.035489667565138,0.7285489667565139,0.3935309973045823,0.39892183288409705,0.050314465408805034,0.055705300988319856,0.21024258760107817
r2__clipb16__gru128__seed20260903,prefix,clipb16,gru128,gru128,,20260903,,R2,True,,10.0,macro,1113,7.049817396731043,6.447891008191301,0.6019263885397426,0.35728691415719227,0.3577481103696508,0.04961409694742928,0.0500752931598878,0.18563493135706002
r2__clipb16__gru128__seed20260904,prefix,clipb16,gru128,gru128,,20260904,,R2,True,,10.0,micro,1113,7.211814914645101,6.468890386343215,0.7429245283018868,0.3539982030548069,0.35489667565139266,0.05480682839173405,0.055705300988319856,0.22012578616352202
r2__clipb16__gru128__seed20260904,prefix,clipb16,gru128,gru128,,20260904,,R2,True,,10.0,macro,1113,7.150619330917084,6.4773188839275875,0.6733004469894976,0.3507730655824396,0.35649687203679536,0.04745365508932339,0.053177461543679215,0.20173735321076475
r2__clipb16__gru128__seed20260905,prefix,clipb16,gru128,gru128,,20260905,,R2,True,,10.0,micro,1113,6.855458221024257,6.123764600179694,0.7316936208445642,0.38274932614555257,0.3881401617250674,0.05121293800539084,0.05660377358490566,0.22012578616352202
r2__clipb16__gru128__seed20260905,prefix,clipb16,gru128,gru128,,20260905,,R2,True,,10.0,macro,1113,7.298567658521808,6.609917131907484,0.6886505266143242,0.3283124625022387,0.33497722090565496,0.04943845250128775,0.05610321090470402,0.2121714848941061
r2__clipb16__gru128__teaser__seed20260903,commit,clipb16,gru128,teaser_ocsvm_adapt,,20260903,,R2,True,r2__clipb16__gru128__seed20260903,10.0,micro,1113,5.986185983827492,5.986185983827492,0.0,0.4061096136567835,0.37646001796945194,0.02964959568733154,0.0,0.0
r2__clipb16__gru128__teaser__seed20260903,commit,clipb16,gru128,teaser_ocsvm_adapt,,20260903,,R2,True,r2__clipb16__gru128__seed20260903,10.0,macro,1113,6.606296718675522,6.606296718675522,0.0,0.34270240111724476,0.3191220778007271,0.023580323316517666,0.0,0.0
r2__clipb16__gru128__teaser__seed20260904,commit,clipb16,gru128,teaser_ocsvm_adapt,,20260904,,R2,True,r2__clipb16__gru128__seed20260904,10.0,micro,1113,6.402066486972145,6.402066486972145,0.0,0.37376460017969454,0.0,0.37376460017969454,0.0,0.0
r2__clipb16__gru128__teaser__seed20260904,commit,clipb16,gru128,teaser_ocsvm_adapt,,20260904,,R2,True,r2__clipb16__gru128__seed20260904,10.0,macro,1113,6.576407177219121,6.576407177219121,0.0,0.3552210241609548,0.0,0.3552210241609548,0.0,0.0
r2__clipb16__gru128__teaser__seed20260905,commit,clipb16,gru128,teaser_ocsvm_adapt,,20260905,,R2,True,r2__clipb16__gru128__seed20260905,10.0,micro,1113,6.35242587601078,6.35242587601078,0.0,0.3845462713387242,0.0,0.3845462713387242,0.0,0.0
r2__clipb16__gru128__teaser__seed20260905,commit,clipb16,gru128,teaser_ocsvm_adapt,,20260905,,R2,True,r2__clipb16__gru128__seed20260905,10.0,macro,1113,7.108792292919021,7.108792292919021,0.0,0.30468600487079234,0.0,0.30468600487079234,0.0,0.0
r2__clipb16__gru512__ema__seed20260903,postproc,clipb16,gru512,ema,0.7,20260903,,R2,True,r2__clipb16__gru512__seed20260903,10.0,micro,1113,6.396675651392631,6.113881401617249,0.28279424977538187,0.38544474393531003,0.39622641509433965,0.029649595687331536,0.04043126684636119,0.09254267744833783
r2__clipb16__gru512__ema__seed20260903,postproc,clipb16,gru512,ema,0.7,20260903,,R2,True,r2__clipb16__gru512__seed20260903,10.0,macro,1113,6.800999811212245,6.582362998376123,0.2186368128361218,0.33992585065148917,0.3460570696472843,0.02890495192272878,0.0350361709185239,0.08011545105460374
r2__clipb16__gru512__ema__seed20260904,postproc,clipb16,gru512,ema,0.2,20260904,,R2,True,r2__clipb16__gru512__seed20260904,10.0,micro,1113,6.898135669362082,6.440251572327043,0.45788409703504046,0.3495058400718778,0.3548966756513926,0.04043126684636118,0.04582210242587602,0.12848158131177
r2__clipb16__gru512__ema__seed20260904,postproc,clipb16,gru512,ema,0.2,20260904,,R2,True,r2__clipb16__gru512__seed20260904,10.0,macro,1113,7.062419450248305,6.593212004987761,0.4692074452605439,0.33931027336485386,0.3336342452925124,0.048125011887502414,0.04244898381516096,0.1314282309038413
r2__clipb16__gru512__ema__seed20260905,postproc,clipb16,gru512,ema,0.7,20260905,,R2,True,r2__clipb16__gru512__seed20260905,10.0,micro,1113,6.345350404312667,5.908917340521113,0.43643306379155433,0.40161725067385445,0.41150044923629836,0.04043126684636118,0.050314465408805034,0.12219227313566937
r2__clipb16__gru512__ema__seed20260905,postproc,clipb16,gru512,ema,0.7,20260905,,R2,True,r2__clipb16__gru512__seed20260905,10.0,macro,1113,6.929100951685024,6.556626735948206,0.37247421573681805,0.33522456630371644,0.34206475381383344,0.029942618300194436,0.0367828058103115,0.1046683422506969
r2__clipb16__gru512__hysteresis__seed20260903,postproc,clipb16,gru512,hysteresis,0.05,20260903,,R2,True,r2__clipb16__gru512__seed20260903,10.0,micro,1113,6.375786163522012,6.121855345911949,0.2539308176100629,0.38544474393531,0.3953279424977538,0.030548068283917342,0.04043126684636119,0.08176100628930819
r2__clipb16__gru512__hysteresis__seed20260903,postproc,clipb16,gru512,hysteresis,0.05,20260903,,R2,True,r2__clipb16__gru512__seed20260903,10.0,macro,1113,6.783460061703595,6.59324711044237,0.19021295126122567,0.33992585065148917,0.3454904974093239,0.029471524160689124,0.0350361709185239,0.06784201103088676
r2__clipb16__gru512__hysteresis__seed20260904,postproc,clipb16,gru512,hysteresis,0.1,20260904,,R2,True,r2__clipb16__gru512__seed20260904,10.0,micro,1113,6.728885893980232,6.433849955076369,0.2950359389038635,0.35399820305480684,0.34950584007187785,0.04492362982929021,0.04043126684636119,0.07726864330637917
r2__clipb16__gru512__hysteresis__seed20260904,postproc,clipb16,gru512,hysteresis,0.1,20260904,,R2,True,r2__clipb16__gru512__seed20260904,10.0,macro,1113,6.893675886670229,6.6110773278409525,0.2825985588292763,0.34238122092217077,0.32925252932938265,0.05283891361304352,0.039710222020255356,0.07618236178571895
r2__clipb16__gru512__hysteresis__seed20260905,postproc,clipb16,gru512,hysteresis,0.2,20260905,,R2,True,r2__clipb16__gru512__seed20260905,10.0,micro,1113,6.1800314465408785,5.884883198562443,0.29514824797843664,0.4070080862533693,0.422282120395328,0.04043126684636119,0.055705300988319856,0.07906558849955077
r2__clipb16__gru512__hysteresis__seed20260905,postproc,clipb16,gru512,hysteresis,0.2,20260905,,R2,True,r2__clipb16__gru512__seed20260905,10.0,macro,1113,6.804485305589341,6.556681446508312,0.24780385908102953,0.3413160359346406,0.3536779016772786,0.03402241779605518,0.04638428353869315,0.06799887464527771
r2__clipb16__gru512__majority__seed20260903,postproc,clipb16,gru512,majority,7.0,20260903,,R2,True,r2__clipb16__gru512__seed20260903,10.0,micro,1113,6.389038634321652,6.107030548068282,0.2820080862533693,0.38185085354896675,0.4025157232704403,0.030548068283917342,0.05121293800539083,0.08535489667565141
r2__clipb16__gru512__majority__seed20260903,postproc,clipb16,gru512,majority,7.0,20260903,,R2,True,r2__clipb16__gru512__seed20260903,10.0,macro,1113,6.797758005459818,6.578292471579766,0.21946553388005227,0.3372470705626833,0.3510053578483744,0.026569754275608485,0.040328041561299516,0.07461495669464394
r2__clipb16__gru512__majority__seed20260904,postproc,clipb16,gru512,majority,9.0,20260904,,R2,True,r2__clipb16__gru512__seed20260904,10.0,micro,1113,7.007749326145551,6.455637915543575,0.5521114106019767,0.34681042228212045,0.3548966756513927,0.04941599281221923,0.05750224618149147,0.14285714285714285
r2__clipb16__gru512__majority__seed20260904,postproc,clipb16,gru512,majority,9.0,20260904,,R2,True,r2__clipb16__gru512__seed20260904,10.0,macro,1113,7.139742348628067,6.607814466558671,0.531927882069396,0.3411345513549364,0.3291035078457137,0.060681423413594074,0.04865037990437138,0.14170250743650328
r2__clipb16__gru512__majority__seed20260905,postproc,clipb16,gru512,majority,2.0,20260905,,R2,True,r2__clipb16__gru512__seed20260905,10.0,micro,1113,6.348495058400717,5.913185085354896,0.43530997304582214,0.40161725067385445,0.4132973944294699,0.03773584905660378,0.04941599281221923,0.12309074573225517
r2__clipb16__gru512__majority__seed20260905,postproc,clipb16,gru512,majority,2.0,20260905,,R2,True,r2__clipb16__gru512__seed20260905,10.0,macro,1113,6.9322860176564935,6.560748069604816,0.3715379480516771,0.33522456630371644,0.3455298767764315,0.028347768427272657,0.038653078899987744,0.10539221475009611
r2__clipb16__gru512__margin0p1__seed20260903,commit,clipb16,gru512,commit_margin,0.1,20260903,0.1,R2,True,r2__clipb16__gru512__seed20260903,10.0,micro,1113,6.061882300089845,6.061882300089845,0.0,0.3953279424977538,0.3782569631626236,0.017070979335130278,0.0,0.0
r2__clipb16__gru512__margin0p1__seed20260903,commit,clipb16,gru512,commit_margin,0.1,20260903,0.1,R2,True,r2__clipb16__gru512__seed20260903,10.0,macro,1113,6.558624014393177,6.558624014393177,0.0,0.34587501533327614,0.3288909940033997,0.016984021329876413,0.0,0.0
r2__clipb16__gru512__margin0p1__seed20260904,commit,clipb16,gru512,commit_margin,0.1,20260904,0.1,R2,True,r2__clipb16__gru512__seed20260904,10.0,micro,1113,6.684636118598381,6.684636118598381,0.0,0.3504043126684636,0.2605570530098832,0.08984725965858043,0.0,0.0
r2__clipb16__gru512__margin0p1__seed20260904,commit,clipb16,gru512,commit_margin,0.1,20260904,0.1,R2,True,r2__clipb16__gru512__seed20260904,10.0,macro,1113,6.79975441052931,6.79975441052931,0.0,0.3406151854402427,0.24935455282848065,0.09126063261176207,0.0,0.0
r2__clipb16__gru512__margin0p1__seed20260905,commit,clipb16,gru512,commit_margin,0.1,20260905,0.1,R2,True,r2__clipb16__gru512__seed20260905,10.0,micro,1113,5.849393530997303,5.849393530997303,0.0,0.41689128481581317,0.39442946990116806,0.022461814914645106,0.0,0.0
r2__clipb16__gru512__margin0p1__seed20260905,commit,clipb16,gru512,commit_margin,0.1,20260905,0.1,R2,True,r2__clipb16__gru512__seed20260905,10.0,macro,1113,6.512274331330109,6.512274331330109,0.0,0.350698315085938,0.3285767539749084,0.02212156111102962,0.0,0.0
r2__clipb16__gru512__margin0p2__seed20260903,commit,clipb16,gru512,commit_margin,0.2,20260903,0.2,R2,True,r2__clipb16__gru512__seed20260903,10.0,micro,1113,6.0598607367475275,6.0598607367475275,0.0,0.39892183288409705,0.3692722371967655,0.029649595687331536,0.0,0.0
r2__clipb16__gru512__margin0p2__seed20260903,commit,clipb16,gru512,commit_margin,0.2,20260903,0.2,R2,True,r2__clipb16__gru512__seed20260903,10.0,macro,1113,6.5739210664736945,6.5739210664736945,0.0,0.3470013420157264,0.32184448455797027,0.025156857457756105,0.0,0.0
r2__clipb16__gru512__margin0p2__seed20260904,commit,clipb16,gru512,commit_margin,0.2,20260904,0.2,R2,True,r2__clipb16__gru512__seed20260904,10.0,micro,1113,7.458782569631623,7.458782569631623,0.0,0.27942497753818507,0.1976639712488769,0.08176100628930819,0.0,0.0
r2__clipb16__gru512__margin0p2__seed20260904,commit,clipb16,gru512,commit_margin,0.2,20260904,0.2,R2,True,r2__clipb16__gru512__seed20260904,10.0,macro,1113,7.625233997698048,7.625233997698048,0.0,0.2632412156312662,0.18576407998301042,0.07747713564825573,0.0,0.0
r2__clipb16__gru512__margin0p2__seed20260905,commit,clipb16,gru512,commit_margin,0.2,20260905,0.2,R2,True,r2__clipb16__gru512__seed20260905,10.0,micro,1113,5.911837376460016,5.911837376460016,0.0,0.41509433962264153,0.37646001796945194,0.038634321653189585,0.0,0.0
r2__clipb16__gru512__margin0p2__seed20260905,commit,clipb16,gru512,commit_margin,0.2,20260905,0.2,R2,True,r2__clipb16__gru512__seed20260905,10.0,macro,1113,6.5684779876296275,6.5684779876296275,0.0,0.3479602837831821,0.31623155609323284,0.031728727689949277,0.0,0.0
r2__clipb16__gru512__margin0p4__seed20260903,commit,clipb16,gru512,commit_margin,0.4,20260903,0.4,R2,True,r2__clipb16__gru512__seed20260903,10.0,micro,1113,6.221248876909253,6.221248876909253,0.0,0.3926325247079964,0.3423180592991914,0.050314465408805034,0.0,0.0
r2__clipb16__gru512__margin0p4__seed20260903,commit,clipb16,gru512,commit_margin,0.4,20260903,0.4,R2,True,r2__clipb16__gru512__seed20260903,10.0,macro,1113,6.66997638151217,6.66997638151217,0.0,0.34749653586831275,0.29988271237667274,0.047613823491640006,0.0,0.0
r2__clipb16__gru512__margin0p4__seed20260904,commit,clipb16,gru512,commit_margin,0.4,20260904,0.4,R2,True,r2__clipb16__gru512__seed20260904,10.0,micro,1113,8.45765947888589,8.45765947888589,0.0,0.17430368373764601,0.11590296495956873,0.05840071877807727,0.0,0.0
r2__clipb16__gru512__margin0p4__seed20260904,commit,clipb16,gru512,commit_margin,0.4,20260904,0.4,R2,True,r2__clipb16__gru512__seed20260904,10.0,macro,1113,8.589778217867341,8.589778217867341,0.0,0.15861512658829627,0.11221645394881015,0.046398672639486105,0.0,0.0
r2__clipb16__gru512__margin0p4__seed20260905,commit,clipb16,gru512,commit_margin,0.4,20260905,0.4,R2,True,r2__clipb16__gru512__seed20260905,10.0,micro,1113,6.206761006289307,6.206761006289307,0.0,0.39712488769092547,0.33333333333333337,0.0637915543575921,0.0,0.0
r2__clipb16__gru512__margin0p4__seed20260905,commit,clipb16,gru512,commit_margin,0.4,20260905,0.4,R2,True,r2__clipb16__gru512__seed20260905,10.0,macro,1113,6.850178056935357,6.850178056935357,0.0,0.33271331601642595,0.2739997529866719,0.058713563029754126,0.0,0.0
r2__clipb16__gru512__margin0p6__seed20260903,commit,clipb16,gru512,commit_margin,0.6,20260903,0.6,R2,True,r2__clipb16__gru512__seed20260903,10.0,micro,1113,6.51920485175202,6.51920485175202,0.0,0.36567834681042233,0.3036837376460019,0.06199460916442048,0.0,0.0
r2__clipb16__gru512__margin0p6__seed20260903,commit,clipb16,gru512,commit_margin,0.6,20260903,0.6,R2,True,r2__clipb16__gru512__seed20260903,10.0,macro,1113,6.924023040012528,6.924023040012528,0.0,0.32578721613362105,0.2615324730222669,0.06425474311135417,0.0,0.0
r2__clipb16__gru512__margin0p6__seed20260904,commit,clipb16,gru512,commit_margin,0.6,20260904,0.6,R2,True,r2__clipb16__gru512__seed20260904,10.0,micro,1113,9.24674303683737,9.24674303683737,0.0,0.08265947888589398,0.04761904761904762,0.03504043126684636,0.0,0.0
r2__clipb16__gru512__margin0p6__seed20260904,commit,clipb16,gru512,commit_margin,0.6,20260904,0.6,R2,True,r2__clipb16__gru512__seed20260904,10.0,macro,1113,9.373474362053038,9.373474362053038,0.0,0.07219932819298504,0.03816384686873663,0.03403548132424841,0.0,0.0
r2__clipb16__gru512__margin0p6__seed20260905,commit,clipb16,gru512,commit_margin,0.6,20260905,0.6,R2,True,r2__clipb16__gru512__seed20260905,10.0,micro,1113,6.730570530098831,6.730570530098831,0.0,0.35130278526504943,0.2785265049415993,0.07277628032345013,0.0,0.0
r2__clipb16__gru512__margin0p6__seed20260905,commit,clipb16,gru512,commit_margin,0.6,20260905,0.6,R2,True,r2__clipb16__gru512__seed20260905,10.0,macro,1113,7.317801664091213,7.317801664091213,0.0,0.29367644968463574,0.22605244118172313,0.06762400850291263,0.0,0.0
r2__clipb16__gru512__msp0p5__seed20260903,commit,clipb16,gru512,commit_msp,0.5,20260903,0.5,R2,True,r2__clipb16__gru512__seed20260903,10.0,micro,1113,6.081536388140161,6.081536388140161,0.0,0.3953279424977538,0.37196765498652296,0.02336028751123091,0.0,0.0
r2__clipb16__gru512__msp0p5__seed20260903,commit,clipb16,gru512,commit_msp,0.5,20260903,0.5,R2,True,r2__clipb16__gru512__seed20260903,10.0,macro,1113,6.584921575230956,6.584921575230956,0.0,0.3443365485334267,0.3246837840686579,0.019652764464768803,0.0,0.0
r2__clipb16__gru512__msp0p5__seed20260904,commit,clipb16,gru512,commit_msp,0.5,20260904,0.5,R2,True,r2__clipb16__gru512__seed20260904,10.0,micro,1113,7.935085354896672,7.935085354896672,0.0,0.22821203953279426,0.1545372866127583,0.07367475292003595,0.0,0.0
r2__clipb16__gru512__msp0p5__seed20260904,commit,clipb16,gru512,commit_msp,0.5,20260904,0.5,R2,True,r2__clipb16__gru512__seed20260904,10.0,macro,1113,8.129906905917323,8.129906905917323,0.0,0.21207864338309332,0.14352530064957686,0.06855334273351643,0.0,0.0
r2__clipb16__gru512__msp0p5__seed20260905,commit,clipb16,gru512,commit_msp,0.5,20260905,0.5,R2,True,r2__clipb16__gru512__seed20260905,10.0,micro,1113,5.906446540880502,5.906446540880502,0.0,0.4141958670260557,0.38454627133872415,0.02964959568733154,0.0,0.0
r2__clipb16__gru512__msp0p5__seed20260905,commit,clipb16,gru512,commit_msp,0.5,20260905,0.5,R2,True,r2__clipb16__gru512__seed20260905,10.0,macro,1113,6.551948306495346,6.551948306495346,0.0,0.3486381611829876,0.3210681596598933,0.02757000152309435,0.0,0.0
r2__clipb16__gru512__msp0p6__seed20260903,commit,clipb16,gru512,commit_msp,0.6,20260903,0.6,R2,True,r2__clipb16__gru512__seed20260903,10.0,micro,1113,6.199348607367474,6.199348607367474,0.0,0.389937106918239,0.35130278526504943,0.038634321653189585,0.0,0.0
r2__clipb16__gru512__msp0p6__seed20260903,commit,clipb16,gru512,commit_msp,0.6,20260903,0.6,R2,True,r2__clipb16__gru512__seed20260903,10.0,macro,1113,6.67535467707391,6.67535467707391,0.0,0.34199317336747515,0.3064926499502549,0.03550052341722029,0.0,0.0
r2__clipb16__gru512__msp0p6__seed20260904,commit,clipb16,gru512,commit_msp,0.6,20260904,0.6,R2,True,r2__clipb16__gru512__seed20260904,10.0,micro,1113,8.637129380053905,8.637129380053905,0.0,0.15363881401617252,0.10422282120395329,0.04941599281221923,0.0,0.0
r2__clipb16__gru512__msp0p6__seed20260904,commit,clipb16,gru512,commit_msp,0.6,20260904,0.6,R2,True,r2__clipb16__gru512__seed20260904,10.0,macro,1113,8.734399267068746,8.734399267068746,0.0,0.1406127633184331,0.09961726648356775,0.040995496834865336,0.0,0.0
r2__clipb16__gru512__msp0p6__seed20260905,commit,clipb16,gru512,commit_msp,0.6,20260905,0.6,R2,True,r2__clipb16__gru512__seed20260905,10.0,micro,1113,6.076931716082658,6.076931716082658,0.0,0.4070080862533693,0.35220125786163525,0.05480682839173405,0.0,0.0
r2__clipb16__gru512__msp0p6__seed20260905,commit,clipb16,gru512,commit_msp,0.6,20260905,0.6,R2,True,r2__clipb16__gru512__seed20260905,10.0,macro,1113,6.7412698265214726,6.7412698265214726,0.0,0.34215500481507555,0.2878623350545745,0.054292669760501094,0.0,0.0
r2__clipb16__gru512__msp0p7__seed20260903,commit,clipb16,gru512,commit_msp,0.7,20260903,0.7,R2,True,r2__clipb16__gru512__seed20260903,10.0,micro,1113,6.34928122192273,6.34928122192273,0.0,0.38095238095238093,0.3288409703504044,0.052111410601976646,0.0,0.0
r2__clipb16__gru512__msp0p7__seed20260903,commit,clipb16,gru512,commit_msp,0.7,20260903,0.7,R2,True,r2__clipb16__gru512__seed20260903,10.0,macro,1113,6.780793361115127,6.780793361115127,0.0,0.3361914930323961,0.2870491384358813,0.049142354596514774,0.0,0.0
r2__clipb16__gru512__msp0p7__seed20260904,commit,clipb16,gru512,commit_msp,0.7,20260904,0.7,R2,True,r2__clipb16__gru512__seed20260904,10.0,micro,1113,9.158805031446537,9.158805031446537,0.0,0.08894878706199462,0.05660377358490566,0.03234501347708895,0.0,0.0
r2__clipb16__gru512__msp0p7__seed20260904,commit,clipb16,gru512,commit_msp,0.7,20260904,0.7,R2,True,r2__clipb16__gru512__seed20260904,10.0,macro,1113,9.233746597776186,9.233746597776186,0.0,0.08430085211554604,0.04877279783210316,0.03552805428344288,0.0,0.0
r2__clipb16__gru512__msp0p7__seed20260905,commit,clipb16,gru512,commit_msp,0.7,20260905,0.7,R2,True,r2__clipb16__gru512__seed20260905,10.0,micro,1113,6.428346810422281,6.428346810422281,0.0,0.3791554357592094,0.30727762803234504,0.07187780772686433,0.0,0.0
r2__clipb16__gru512__msp0p7__seed20260905,commit,clipb16,gru512,commit_msp,0.7,20260905,0.7,R2,True,r2__clipb16__gru512__seed20260905,10.0,macro,1113,7.052400938834436,7.052400938834436,0.0,0.31580902800235505,0.2509091654546308,0.06489986254772415,0.0,0.0
r2__clipb16__gru512__msp0p8__seed20260903,commit,clipb16,gru512,commit_msp,0.8,20260903,0.8,R2,True,r2__clipb16__gru512__seed20260903,10.0,micro,1113,6.622079964061094,6.622079964061094,0.0,0.3584905660377359,0.2839173405211141,0.07457322551662174,0.0,0.0
r2__clipb16__gru512__msp0p8__seed20260903,commit,clipb16,gru512,commit_msp,0.8,20260903,0.8,R2,True,r2__clipb16__gru512__seed20260903,10.0,macro,1113,7.0653589257617675,7.0653589257617675,0.0,0.31690528177946137,0.24135183289413775,0.07555344888532363,0.0,0.0
r2__clipb16__gru512__msp0p8__seed20260904,commit,clipb16,gru512,commit_msp,0.8,20260904,0.8,R2,True,r2__clipb16__gru512__seed20260904,10.0,micro,1113,9.657008086253363,9.657008086253363,0.0,0.039532794249775384,0.0215633423180593,0.017969451931716084,0.0,0.0
r2__clipb16__gru512__msp0p8__seed20260904,commit,clipb16,gru512,commit_msp,0.8,20260904,0.8,R2,True,r2__clipb16__gru512__seed20260904,10.0,macro,1113,9.73842091899099,9.73842091899099,0.0,0.030162926842012935,0.015929712197725498,0.014233214644287435,0.0,0.0
r2__clipb16__gru512__msp0p8__seed20260905,commit,clipb16,gru512,commit_msp,0.8,20260905,0.8,R2,True,r2__clipb16__gru512__seed20260905,10.0,micro,1113,6.905098831985622,6.905098831985622,0.0,0.33513027852650495,0.2551662174303684,0.07996406109613657,0.0,0.0
r2__clipb16__gru512__msp0p8__seed20260905,commit,clipb16,gru512,commit_msp,0.8,20260905,0.8,R2,True,r2__clipb16__gru512__seed20260905,10.0,macro,1113,7.477925921745371,7.477925921745371,0.0,0.27705936103917794,0.2050220075526325,0.07203735348654547,0.0,0.0
r2__clipb16__gru512__msp0p9__seed20260903,commit,clipb16,gru512,commit_msp,0.9,20260903,0.9,R2,True,r2__clipb16__gru512__seed20260903,10.0,micro,1113,7.034029649595686,7.034029649595686,0.0,0.31805929919137466,0.24528301886792456,0.07277628032345014,0.0,0.0
r2__clipb16__gru512__msp0p9__seed20260903,commit,clipb16,gru512,commit_msp,0.9,20260903,0.9,R2,True,r2__clipb16__gru512__seed20260903,10.0,macro,1113,7.469553332474608,7.469553332474608,0.0,0.2737646837186153,0.20882959351736058,0.06493509020125471,0.0,0.0
r2__clipb16__gru512__msp0p9__seed20260904,commit,clipb16,gru512,commit_msp,0.9,20260904,0.9,R2,True,r2__clipb16__gru512__seed20260904,10.0,micro,1113,9.970687331536382,9.970687331536382,0.0,0.0035938903863432167,0.0008984725965858042,0.0026954177897574125,0.0,0.0
r2__clipb16__gru512__msp0p9__seed20260904,commit,clipb16,gru512,commit_msp,0.9,20260904,0.9,R2,True,r2__clipb16__gru512__seed20260904,10.0,macro,1113,9.981515580736538,9.981515580736538,0.0,0.0022662889518413596,0.0005665722379603399,0.0016997167138810198,0.0,0.0
r2__clipb16__gru512__msp0p9__seed20260905,commit,clipb16,gru512,commit_msp,0.9,20260905,0.9,R2,True,r2__clipb16__gru512__seed20260905,10.0,micro,1113,7.461702605570528,7.461702605570528,0.0,0.2785265049415993,0.1931716082659479,0.08535489667565141,0.0,0.0
r2__clipb16__gru512__msp0p9__seed20260905,commit,clipb16,gru512,commit_msp,0.9,20260905,0.9,R2,True,r2__clipb16__gru512__seed20260905,10.0,macro,1113,7.983371245451706,7.983371245451706,0.0,0.22132904040825527,0.15560857784273865,0.06572046256551659,0.0,0.0
r2__clipb16__gru512__patience__seed20260903,postproc,clipb16,gru512,patience,4.0,20260903,,R2,True,r2__clipb16__gru512__seed20260903,10.0,micro,1113,6.390835579514823,6.107704402515722,0.28313117699910156,0.38185085354896675,0.4025157232704403,0.030548068283917342,0.05121293800539083,0.08535489667565141
r2__clipb16__gru512__patience__seed20260903,postproc,clipb16,gru512,patience,4.0,20260903,,R2,True,r2__clipb16__gru512__seed20260903,10.0,macro,1113,6.799136720569581,6.579969718042777,0.21916700252680357,0.3372470705626833,0.3510053578483744,0.026569754275608485,0.040328041561299516,0.07461495669464394
r2__clipb16__gru512__patience__seed20260904,postproc,clipb16,gru512,patience,4.0,20260904,,R2,True,r2__clipb16__gru512__seed20260904,10.0,micro,1113,7.01504941599281,6.4450808625336915,0.5699685534591196,0.3459119496855346,0.3557951482479784,0.04492362982929021,0.05480682839173406,0.14375561545372867
r2__clipb16__gru512__patience__seed20260904,postproc,clipb16,gru512,patience,4.0,20260904,,R2,True,r2__clipb16__gru512__seed20260904,10.0,macro,1113,7.166163637415391,6.596206947919784,0.5699566894956081,0.33659304646207455,0.3337642456586254,0.05226874274205568,0.049439941938606555,0.14475835842257984
r2__clipb16__gru512__patience__seed20260905,postproc,clipb16,gru512,patience,2.0,20260905,,R2,True,r2__clipb16__gru512__seed20260905,10.0,micro,1113,6.345799640610959,5.910601976639712,0.4351976639712489,0.4025157232704403,0.41150044923629836,0.04132973944294699,0.050314465408805034,0.11680143755615455
r2__clipb16__gru512__patience__seed20260905,postproc,clipb16,gru512,patience,2.0,20260905,,R2,True,r2__clipb16__gru512__seed20260905,10.0,macro,1113,6.933501872328234,6.559789162887489,0.37371270944074486,0.33573870512119713,0.3403693662251297,0.03220457812685856,0.03683523923079112,0.10142620908437373
r2__clipb16__gru512__ringel__seed20260903,commit,clipb16,gru512,ringel2024_conditional_adapt,,20260903,,R2,True,r2__clipb16__gru512__seed20260903,10.0,micro,1113,9.95204402515723,9.95204402515723,0.0,0.3836477987421384,0.0,0.3836477987421384,0.0,0.0
r2__clipb16__gru512__ringel__seed20260903,commit,clipb16,gru512,ringel2024_conditional_adapt,,20260903,,R2,True,r2__clipb16__gru512__seed20260903,10.0,macro,1113,9.957644357550492,9.957644357550492,0.0,0.3388451395960481,0.0,0.3388451395960481,0.0,0.0
r2__clipb16__gru512__ringel__seed20260904,commit,clipb16,gru512,ringel2024_conditional_adapt,,20260904,,R2,True,r2__clipb16__gru512__seed20260904,10.0,micro,1113,9.957097933513024,9.957097933513024,0.0,0.34321653189577717,0.0,0.34321653189577717,0.0,0.0
r2__clipb16__gru512__ringel__seed20260904,commit,clipb16,gru512,ringel2024_conditional_adapt,,20260904,,R2,True,r2__clipb16__gru512__seed20260904,10.0,macro,1113,9.959114152738334,9.959114152738334,0.0,0.32708677809332326,0.0,0.32708677809332326,0.0,0.0
r2__clipb16__gru512__ringel__seed20260905,commit,clipb16,gru512,ringel2024_conditional_adapt,,20260905,,R2,True,r2__clipb16__gru512__seed20260905,10.0,micro,1113,9.949797843665767,9.949797843665767,0.0,0.40161725067385445,0.0,0.40161725067385445,0.0,0.0
r2__clipb16__gru512__ringel__seed20260905,commit,clipb16,gru512,ringel2024_conditional_adapt,,20260905,,R2,True,r2__clipb16__gru512__seed20260905,10.0,macro,1113,9.958096929212033,9.958096929212033,0.0,0.33522456630371644,0.0,0.33522456630371644,0.0,0.0
r2__clipb16__gru512__seed20260903,prefix,clipb16,gru512,gru512,,20260903,,R2,True,,10.0,micro,1113,6.418351302785264,6.1181491464510325,0.3002021563342318,0.3836477987421384,0.39622641509433965,0.03054806828391734,0.0431266846361186,0.09523809523809523
r2__clipb16__gru512__seed20260903,prefix,clipb16,gru512,gru512,,20260903,,R2,True,,10.0,macro,1113,6.815138553425534,6.585601290161388,0.2295372632641457,0.3388451395960481,0.345487278248881,0.029419090740209503,0.036061229393042384,0.08342005459531995
r2__clipb16__gru512__seed20260904,prefix,clipb16,gru512,gru512,,20260904,,R2,True,,10.0,micro,1113,7.2675202156334215,6.483153638814015,0.784366576819407,0.34321653189577717,0.35759209344115006,0.039532794249775384,0.05390835579514825,0.22641509433962265
r2__clipb16__gru512__seed20260904,prefix,clipb16,gru512,gru512,,20260904,,R2,True,,10.0,macro,1113,7.405077664588261,6.616797371165765,0.7882802934224974,0.32708677809332326,0.34336461342227276,0.040919823477075165,0.05719765880602468,0.2276190857456366
r2__clipb16__gru512__seed20260905,prefix,clipb16,gru512,gru512,,20260905,,R2,True,,10.0,micro,1113,6.348495058400717,5.913185085354896,0.43530997304582214,0.40161725067385445,0.4132973944294699,0.03773584905660378,0.04941599281221923,0.12309074573225517
r2__clipb16__gru512__seed20260905,prefix,clipb16,gru512,gru512,,20260905,,R2,True,,10.0,macro,1113,6.9322860176564935,6.560748069604816,0.3715379480516771,0.33522456630371644,0.3455298767764315,0.028347768427272657,0.038653078899987744,0.10539221475009611
r2__clipb16__gru512__teaser__seed20260903,commit,clipb16,gru512,teaser_ocsvm_adapt,,20260903,,R2,True,r2__clipb16__gru512__seed20260903,10.0,micro,1113,6.277403414195866,6.277403414195866,0.0,0.3836477987421384,0.3530997304582211,0.030548068283917342,0.0,0.0
r2__clipb16__gru512__teaser__seed20260903,commit,clipb16,gru512,teaser_ocsvm_adapt,,20260903,,R2,True,r2__clipb16__gru512__seed20260903,10.0,macro,1113,7.009750343013853,7.009750343013853,0.0,0.31215206353246194,0.28522187206778415,0.026930191464677837,0.0,0.0
r2__clipb16__gru512__teaser__seed20260904,commit,clipb16,gru512,teaser_ocsvm_adapt,,20260904,,R2,True,r2__clipb16__gru512__seed20260904,10.0,micro,1113,6.590745732255164,6.590745732255164,0.0,0.3665768194070081,0.0,0.3665768194070081,0.0,0.0
r2__clipb16__gru512__teaser__seed20260904,commit,clipb16,gru512,teaser_ocsvm_adapt,,20260904,,R2,True,r2__clipb16__gru512__seed20260904,10.0,macro,1113,6.9516805016616114,6.9516805016616114,0.0,0.3328039975366369,0.0,0.3328039975366369,0.0,0.0
r2__clipb16__gru512__teaser__seed20260905,commit,clipb16,gru512,teaser_ocsvm_adapt,,20260905,,R2,True,r2__clipb16__gru512__seed20260905,10.0,micro,1113,5.992924528301885,5.992924528301885,0.0,0.4061096136567835,0.38005390835579517,0.026055705300988323,0.0,0.0
r2__clipb16__gru512__teaser__seed20260905,commit,clipb16,gru512,teaser_ocsvm_adapt,,20260905,,R2,True,r2__clipb16__gru512__seed20260905,10.0,macro,1113,6.766544890246864,6.766544890246864,0.0,0.32780629533896966,0.30395016933311303,0.023856126005856668,0.0,0.0
r2__clipb16__mean__seed20260903,clip,clipb16,mean,mean_linear,,20260903,,R2,True,,10.0,micro,1113,6.368823000898471,6.211365678346809,0.15745732255166217,0.38185085354896675,0.3728661275831088,0.034141958670260555,0.025157232704402517,0.05121293800539084
r2__clipb16__mean__seed20260903,clip,clipb16,mean,mean_linear,,20260903,,R2,True,,10.0,macro,1113,6.827837821356486,6.694701138851013,0.13313668250547334,0.3328938557868381,0.3225397162264126,0.029871138655881733,0.01951699909545624,0.043044158499344544
r2__clipb16__mean__seed20260904,clip,clipb16,mean,mean_linear,,20260904,,R2,True,,10.0,micro,1113,6.393867924528301,6.232479784366576,0.1613881401617251,0.37376460017969454,0.3827493261455526,0.02336028751123091,0.03234501347708895,0.05121293800539084
r2__clipb16__mean__seed20260904,clip,clipb16,mean,mean_linear,,20260904,,R2,True,,10.0,macro,1113,6.647214530008841,6.513968118292269,0.13324641171657267,0.34706998577581594,0.3503586861004805,0.01999571767324327,0.02328441799790782,0.04526853171614294
r2__clipb16__mean__seed20260905,clip,clipb16,mean,mean_linear,,20260905,,R2,True,,10.0,micro,1113,6.514263252470798,6.395215633423179,0.11904761904761907,0.36028751123090746,0.3611859838274933,0.022461814914645106,0.02336028751123091,0.04043126684636119
r2__clipb16__mean__seed20260905,clip,clipb16,mean,mean_linear,,20260905,,R2,True,,10.0,macro,1113,6.58571111810495,6.4883119219032945,0.09739919620165574,0.3538290650702039,0.34776013903720154,0.023921436068108114,0.01785251003510578,0.03450444686150958
r2__r18__gru128__ringel__seed20260903,commit,r18,gru128,ringel2024_conditional_adapt,,20260903,,R2,False,r2__r18__gru128__seed20260903,10.0,micro,1113,9.953279424977534,9.953279424977534,0.0,0.37376460017969454,0.0,0.37376460017969454,0.0,0.0
r2__r18__gru128__ringel__seed20260903,commit,r18,gru128,ringel2024_conditional_adapt,,20260903,,R2,False,r2__r18__gru128__seed20260903,10.0,macro,1113,9.964783606337779,9.964783606337779,0.0,0.2817311492977541,0.0,0.2817311492977541,0.0,0.0
r2__r18__gru128__ringel__seed20260904,commit,r18,gru128,ringel2024_conditional_adapt,,20260904,,R2,False,r2__r18__gru128__seed20260904,10.0,micro,1113,9.960579514824794,9.960579514824794,0.0,0.3153638814016173,0.0,0.3153638814016173,0.0,0.0
r2__r18__gru128__ringel__seed20260904,commit,r18,gru128,ringel2024_conditional_adapt,,20260904,,R2,False,r2__r18__gru128__seed20260904,10.0,macro,1113,9.967103972591573,9.967103972591573,0.0,0.26316821926740386,0.0,0.26316821926740386,0.0,0.0
r2__r18__gru128__ringel__seed20260905,commit,r18,gru128,ringel2024_conditional_adapt,,20260905,,R2,False,r2__r18__gru128__seed20260905,10.0,micro,1113,9.951257861635218,9.951257861635218,0.0,0.389937106918239,0.0,0.389937106918239,0.0,0.0
r2__r18__gru128__ringel__seed20260905,commit,r18,gru128,ringel2024_conditional_adapt,,20260905,,R2,False,r2__r18__gru128__seed20260905,10.0,macro,1113,9.963265920225867,9.963265920225867,0.0,0.29387263819305154,0.0,0.29387263819305154,0.0,0.0
r2__r18__gru128__seed20260903,prefix,r18,gru128,gru128,,20260903,,R2,False,,10.0,micro,1113,7.256064690026952,6.245956873315364,1.0101078167115904,0.37376460017969454,0.3701707097933513,0.07906558849955077,0.07547169811320756,0.3045822102425876
r2__r18__gru128__seed20260903,prefix,r18,gru128,gru128,,20260903,,R2,False,,10.0,macro,1113,8.062414708877029,7.171629183305651,0.8907855255713777,0.2817311492977541,0.277025656061941,0.07214431959149908,0.06743882635568597,0.2768639821910681
r2__r18__gru128__seed20260904,prefix,r18,gru128,gru128,,20260904,,R2,False,,10.0,micro,1113,7.9486747529200334,6.685983827493261,1.2626909254267746,0.3153638814016173,0.34052111410601976,0.06828391734052111,0.09344115004492363,0.3782569631626235
r2__r18__gru128__seed20260904,prefix,r18,gru128,gru128,,20260904,,R2,False,,10.0,macro,1113,8.308388113272658,7.19133220089334,1.1170559123793198,0.26316821926740386,0.2864437864287941,0.0608884910156191,0.08416405817700932,0.34849777152982825
r2__r18__gru128__seed20260905,prefix,r18,gru128,gru128,,20260905,,R2,False,,10.0,micro,1113,6.932053009883196,6.140386343216531,0.7916666666666667,0.389937106918239,0.38274932614555257,0.0835579514824798,0.07637017070979336,0.261455525606469
r2__r18__gru128__seed20260905,prefix,r18,gru128,gru128,,20260905,,R2,False,,10.0,macro,1113,7.744671890504261,7.072041663085251,0.6726302274190085,0.29387263819305154,0.28900561682956105,0.06929599183269364,0.06442897046920314,0.21538788942626966
r2__r18__gru128__teaser__seed20260903,commit,r18,gru128,teaser_ocsvm_adapt,,20260903,,R2,False,r2__r18__gru128__seed20260903,10.0,micro,1113,6.437556154537285,6.437556154537285,0.0,0.3881401617250674,0.0,0.3881401617250674,0.0,0.0
r2__r18__gru128__teaser__seed20260903,commit,r18,gru128,teaser_ocsvm_adapt,,20260903,,R2,False,r2__r18__gru128__seed20260903,10.0,macro,1113,7.457373993112238,7.457373993112238,0.0,0.2788455134111535,0.0,0.2788455134111535,0.0,0.0
r2__r18__gru128__teaser__seed20260904,commit,r18,gru128,teaser_ocsvm_adapt,,20260904,,R2,False,r2__r18__gru128__seed20260904,10.0,micro,1113,6.460916442048515,6.460916442048515,0.0,0.35669362084456424,0.3243486073674753,0.03234501347708895,0.0,0.0
r2__r18__gru128__teaser__seed20260904,commit,r18,gru128,teaser_ocsvm_adapt,,20260904,,R2,False,r2__r18__gru128__seed20260904,10.0,macro,1113,7.09575573306377,7.09575573306377,0.0,0.29292508336162404,0.2627398820888512,0.03018520127277284,0.0,0.0
r2__r18__gru128__teaser__seed20260905,commit,r18,gru128,teaser_ocsvm_adapt,,20260905,,R2,False,r2__r18__gru128__seed20260905,10.0,micro,1113,6.283917340521112,6.283917340521112,0.0,0.37735849056603776,0.32704402515723274,0.050314465408805034,0.0,0.0
r2__r18__gru128__teaser__seed20260905,commit,r18,gru128,teaser_ocsvm_adapt,,20260905,,R2,False,r2__r18__gru128__seed20260905,10.0,macro,1113,7.389438280439762,7.389438280439762,0.0,0.2651046438851101,0.2306464608620189,0.03445818302309123,0.0,0.0
r2__r18__gru512__ema__seed20260903,postproc,r18,gru512,ema,0.35,20260903,,R2,False,r2__r18__gru512__seed20260903,10.0,micro,1113,6.873989218328839,6.279088050314464,0.5949011680143756,0.37466307277628036,0.36298292902066487,0.07637017070979335,0.06469002695417789,0.16711590296495957
r2__r18__gru512__ema__seed20260903,postproc,r18,gru512,ema,0.35,20260903,,R2,False,r2__r18__gru512__seed20260903,10.0,macro,1113,7.608573079445792,7.161147280792596,0.44742579865319654,0.29077036900721454,0.2750884101331543,0.0665046196626013,0.050822660788541064,0.13056637877684685
r2__r18__gru512__ema__seed20260904,postproc,r18,gru512,ema,0.2,20260904,,R2,False,r2__r18__gru512__seed20260904,10.0,micro,1113,6.652291105121293,6.248427672955973,0.40386343216531895,0.3755615453728661,0.37735849056603776,0.06019766397124888,0.06199460916442049,0.12578616352201258
r2__r18__gru512__ema__seed20260904,postproc,r18,gru512,ema,0.2,20260904,,R2,False,r2__r18__gru512__seed20260904,10.0,macro,1113,7.547063888683417,7.237666243099097,0.30939764558432015,0.28401431601868166,0.2763058475640613,0.05681742592277435,0.04910895746815394,0.10516781121227084
r2__r18__gru512__ema__seed20260905,postproc,r18,gru512,ema,0.2,20260905,,R2,False,r2__r18__gru512__seed20260905,10.0,micro,1113,7.0838948787061975,6.39173405211141,0.692160826594789,0.35669362084456424,0.3584905660377359,0.07008086253369272,0.07187780772686433,0.19946091644204852
r2__r18__gru512__ema__seed20260905,postproc,r18,gru512,ema,0.2,20260905,,R2,False,r2__r18__gru512__seed20260905,10.0,macro,1113,7.666370015613522,7.045293188751739,0.6210768268617834,0.29325480890876143,0.29707259973562616,0.06358807550440145,0.06740586633126618,0.1835415861903684
r2__r18__gru512__hysteresis__seed20260903,postproc,r18,gru512,hysteresis,0.2,20260903,,R2,False,r2__r18__gru512__seed20260903,10.0,micro,1113,6.778863432165317,6.270103324348606,0.5087601078167117,0.3755615453728662,0.3638814016172507,0.07547169811320754,0.0637915543575921,0.14555256064690028
r2__r18__gru512__hysteresis__seed20260903,postproc,r18,gru512,hysteresis,0.2,20260903,,R2,False,r2__r18__gru512__seed20260903,10.0,macro,1113,7.546932469267227,7.157899735369551,0.38903273389767523,0.28822543767817577,0.2745818196012938,0.06405700688890156,0.05041338881201958,0.11503902943494797
r2__r18__gru512__hysteresis__seed20260904,postproc,r18,gru512,hysteresis,0.2,20260904,,R2,False,r2__r18__gru512__seed20260904,10.0,micro,1113,6.652628032345012,6.249887690925426,0.4027403414195867,0.37735849056603776,0.38005390835579517,0.05750224618149147,0.06019766397124887,0.12309074573225516
r2__r18__gru512__hysteresis__seed20260904,postproc,r18,gru512,hysteresis,0.2,20260904,,R2,False,r2__r18__gru512__seed20260904,10.0,macro,1113,7.555355964436966,7.231112072773762,0.32424389166320555,0.28459165570270517,0.2808024673220637,0.05124764339495106,0.04745845501430959,0.1048174109771149
r2__r18__gru512__hysteresis__seed20260905,postproc,r18,gru512,hysteresis,0.2,20260905,,R2,False,r2__r18__gru512__seed20260905,10.0,micro,1113,6.587938005390834,6.3098607367475275,0.2780772686433064,0.3683737646001797,0.35669362084456424,0.055705300988319856,0.04402515723270441,0.0646900269541779
r2__r18__gru512__hysteresis__seed20260905,postproc,r18,gru512,hysteresis,0.2,20260905,,R2,False,r2__r18__gru512__seed20260905,10.0,macro,1113,7.160613367394393,6.939371643359272,0.2212417240351211,0.31218422930529655,0.2978616810383381,0.05280615564960801,0.038483607382649616,0.05372053819549237
r2__r18__gru512__majority__seed20260903,postproc,r18,gru512,majority,2.0,20260903,,R2,False,r2__r18__gru512__seed20260903,10.0,micro,1113,6.926549865229109,6.275044923629828,0.6515049415992813,0.37106918238993714,0.3665768194070081,0.06648697214734951,0.06199460916442048,0.19946091644204852
r2__r18__gru512__majority__seed20260903,postproc,r18,gru512,majority,2.0,20260903,,R2,False,r2__r18__gru512__seed20260903,10.0,macro,1113,7.651585155868697,7.153828244373072,0.4977569114956253,0.28731206383808694,0.272652674770252,0.05934247593014945,0.04468308686231448,0.15884180735569903
r2__r18__gru512__majority__seed20260904,postproc,r18,gru512,majority,2.0,20260904,,R2,False,r2__r18__gru512__seed20260904,10.0,micro,1113,6.750673854447438,6.241913746630726,0.5087601078167117,0.37376460017969454,0.38634321653189574,0.058400718778077274,0.07097933513027853,0.16891284815813118
r2__r18__gru512__majority__seed20260904,postproc,r18,gru512,majority,2.0,20260904,,R2,False,r2__r18__gru512__seed20260904,10.0,macro,1113,7.648289940645717,7.2181144248589675,0.43017551578675095,0.2794760302862628,0.28756849393341166,0.051656915371472545,0.059749379018621464,0.1494927474928249
r2__r18__gru512__majority__seed20260905,postproc,r18,gru512,majority,5.0,20260905,,R2,False,r2__r18__gru512__seed20260905,10.0,micro,1113,7.293238993710689,6.420260557053009,0.872978436657682,0.35130278526504943,0.3530997304582211,0.07187780772686433,0.07367475292003595,0.25696316262353996
r2__r18__gru512__majority__seed20260905,postproc,r18,gru512,majority,5.0,20260905,,R2,False,r2__r18__gru512__seed20260905,10.0,macro,1113,7.8196115140267946,7.058072334153275,0.7615391798735199,0.2897330246594453,0.29344944601943956,0.06551473166715002,0.06923115302714428,0.2391385860357964
r2__r18__gru512__margin0p1__seed20260903,commit,r18,gru512,commit_margin,0.1,20260903,0.1,R2,False,r2__r18__gru512__seed20260903,10.0,micro,1113,6.287398921832883,6.287398921832883,0.0,0.37196765498652296,0.3459119496855346,0.026055705300988323,0.0,0.0
r2__r18__gru512__margin0p1__seed20260903,commit,r18,gru512,commit_margin,0.1,20260903,0.1,R2,False,r2__r18__gru512__seed20260903,10.0,macro,1113,7.221177585703842,7.221177585703842,0.0,0.2783980732911975,0.25752061079836847,0.020877462492829,0.0,0.0
r2__r18__gru512__margin0p1__seed20260904,commit,r18,gru512,commit_margin,0.1,20260904,0.1,R2,False,r2__r18__gru512__seed20260904,10.0,micro,1113,6.149258760107815,6.149258760107815,0.0,0.38544474393531,0.37376460017969454,0.011680143755615454,0.0,0.0
r2__r18__gru512__margin0p1__seed20260904,commit,r18,gru512,commit_margin,0.1,20260904,0.1,R2,False,r2__r18__gru512__seed20260904,10.0,macro,1113,7.1424758153950325,7.1424758153950325,0.0,0.2859811923461101,0.27817179152856025,0.007809400817549845,0.0,0.0
r2__r18__gru512__margin0p1__seed20260905,commit,r18,gru512,commit_margin,0.1,20260905,0.1,R2,False,r2__r18__gru512__seed20260905,10.0,micro,1113,6.599842767295596,6.599842767295596,0.0,0.3539982030548069,0.26325247079964065,0.09074573225516622,0.0,0.0
r2__r18__gru512__margin0p1__seed20260905,commit,r18,gru512,commit_margin,0.1,20260905,0.1,R2,False,r2__r18__gru512__seed20260905,10.0,macro,1113,7.159611350008016,7.159611350008016,0.0,0.297630513723232,0.2076151909533436,0.09001532276988844,0.0,0.0
r2__r18__gru512__margin0p2__seed20260903,commit,r18,gru512,commit_margin,0.2,20260903,0.2,R2,False,r2__r18__gru512__seed20260903,10.0,micro,1113,6.347259658580412,6.347259658580412,0.0,0.36747529200359386,0.33153638814016173,0.03593890386343217,0.0,0.0
r2__r18__gru512__margin0p2__seed20260903,commit,r18,gru512,commit_margin,0.2,20260903,0.2,R2,False,r2__r18__gru512__seed20260903,10.0,macro,1113,7.260239121705038,7.260239121705038,0.0,0.27565609233584887,0.24733683502757503,0.028319257308273834,0.0,0.0
r2__r18__gru512__margin0p2__seed20260904,commit,r18,gru512,commit_margin,0.2,20260904,0.2,R2,False,r2__r18__gru512__seed20260904,10.0,micro,1113,6.151392632524706,6.151392632524706,0.0,0.3863432165318958,0.36298292902066487,0.02336028751123091,0.0,0.0
r2__r18__gru512__margin0p2__seed20260904,commit,r18,gru512,commit_margin,0.2,20260904,0.2,R2,False,r2__r18__gru512__seed20260904,10.0,macro,1113,7.145970019185947,7.145970019185947,0.0,0.28648134455708474,0.2656047138153442,0.02087663074174054,0.0,0.0
r2__r18__gru512__margin0p2__seed20260905,commit,r18,gru512,commit_margin,0.2,20260905,0.2,R2,False,r2__r18__gru512__seed20260905,10.0,micro,1113,7.129829290206647,7.129829290206647,0.0,0.3180592991913747,0.19586702605570533,0.12219227313566937,0.0,0.0
r2__r18__gru512__margin0p2__seed20260905,commit,r18,gru512,commit_margin,0.2,20260905,0.2,R2,False,r2__r18__gru512__seed20260905,10.0,macro,1113,7.677651579163667,7.677651579163667,0.0,0.2601689954152845,0.1577110739276409,0.10245792148764357,0.0,0.0
r2__r18__gru512__margin0p4__seed20260903,commit,r18,gru512,commit_margin,0.4,20260903,0.4,R2,False,r2__r18__gru512__seed20260903,10.0,micro,1113,6.366801437556153,6.366801437556153,0.0,0.3728661275831087,0.3009883198562444,0.07187780772686433,0.0,0.0
r2__r18__gru512__margin0p4__seed20260903,commit,r18,gru512,commit_margin,0.4,20260903,0.4,R2,False,r2__r18__gru512__seed20260903,10.0,macro,1113,7.285103389812428,7.285103389812428,0.0,0.2798490374504388,0.22023261826603255,0.05961641918440626,0.0,0.0
r2__r18__gru512__margin0p4__seed20260904,commit,r18,gru512,commit_margin,0.4,20260904,0.4,R2,False,r2__r18__gru512__seed20260904,10.0,micro,1113,6.229222821203952,6.229222821203952,0.0,0.3836477987421384,0.3414195867026056,0.042228212039532795,0.0,0.0
r2__r18__gru512__margin0p4__seed20260904,commit,r18,gru512,commit_margin,0.4,20260904,0.4,R2,False,r2__r18__gru512__seed20260904,10.0,macro,1113,7.214457657981786,7.214457657981786,0.0,0.2856279524230957,0.2459311449505988,0.03969680747249692,0.0,0.0
r2__r18__gru512__margin0p4__seed20260905,commit,r18,gru512,commit_margin,0.4,20260905,0.4,R2,False,r2__r18__gru512__seed20260905,10.0,micro,1113,8.41127583108715,8.41127583108715,0.0,0.18598382749326148,0.09433962264150944,0.09164420485175202,0.0,0.0
r2__r18__gru512__margin0p4__seed20260905,commit,r18,gru512,commit_margin,0.4,20260905,0.4,R2,False,r2__r18__gru512__seed20260905,10.0,macro,1113,8.743506912668096,8.743506912668096,0.0,0.1492345631563487,0.07362842161509779,0.0756061415412509,0.0,0.0
r2__r18__gru512__margin0p6__seed20260903,commit,r18,gru512,commit_margin,0.6,20260903,0.6,R2,False,r2__r18__gru512__seed20260903,10.0,micro,1113,6.618373764600178,6.618373764600178,0.0,0.3593890386343217,0.26594788858939805,0.09344115004492363,0.0,0.0
r2__r18__gru512__margin0p6__seed20260903,commit,r18,gru512,commit_margin,0.6,20260903,0.6,R2,False,r2__r18__gru512__seed20260903,10.0,macro,1113,7.453534783225648,7.453534783225648,0.0,0.2738463293834379,0.1970106706425177,0.07683565874092016,0.0,0.0
r2__r18__gru512__margin0p6__seed20260904,commit,r18,gru512,commit_margin,0.6,20260904,0.6,R2,False,r2__r18__gru512__seed20260904,10.0,micro,1113,6.3755615453728645,6.3755615453728645,0.0,0.3782569631626236,0.3063791554357592,0.07187780772686433,0.0,0.0
r2__r18__gru512__margin0p6__seed20260904,commit,r18,gru512,commit_margin,0.6,20260904,0.6,R2,False,r2__r18__gru512__seed20260904,10.0,macro,1113,7.388678749622942,7.388678749622942,0.0,0.2761422102406752,0.2135428555925274,0.06259935464814781,0.0,0.0
r2__r18__gru512__margin0p6__seed20260905,commit,r18,gru512,commit_margin,0.6,20260905,0.6,R2,False,r2__r18__gru512__seed20260905,10.0,micro,1113,9.420035938903858,9.420035938903858,0.0,0.07187780772686433,0.034141958670260555,0.03773584905660378,0.0,0.0
r2__r18__gru512__margin0p6__seed20260905,commit,r18,gru512,commit_margin,0.6,20260905,0.6,R2,False,r2__r18__gru512__seed20260905,10.0,macro,1113,9.585135110657024,9.585135110657024,0.0,0.054170544021633585,0.021424878201533673,0.0327456658200999,0.0,0.0
r2__r18__gru512__msp0p5__seed20260903,commit,r18,gru512,commit_msp,0.5,20260903,0.5,R2,False,r2__r18__gru512__seed20260903,10.0,micro,1113,6.270440251572325,6.270440251572325,0.0,0.3755615453728661,0.34860736747529203,0.026954177897574125,0.0,0.0
r2__r18__gru512__msp0p5__seed20260903,commit,r18,gru512,commit_msp,0.5,20260903,0.5,R2,False,r2__r18__gru512__seed20260903,10.0,macro,1113,7.214132209698887,7.214132209698887,0.0,0.2808391464850726,0.2597376854901732,0.02110146099489941,0.0,0.0
r2__r18__gru512__msp0p5__seed20260904,commit,r18,gru512,commit_msp,0.5,20260904,0.5,R2,False,r2__r18__gru512__seed20260904,10.0,micro,1113,6.144878706199459,6.144878706199459,0.0,0.3863432165318958,0.3737646001796945,0.012578616352201259,0.0,0.0
r2__r18__gru512__msp0p5__seed20260904,commit,r18,gru512,commit_msp,0.5,20260904,0.5,R2,False,r2__r18__gru512__seed20260904,10.0,macro,1113,7.149634875182421,7.149634875182421,0.0,0.2855794686552088,0.27540324117003556,0.010176227485173208,0.0,0.0
r2__r18__gru512__msp0p5__seed20260905,commit,r18,gru512,commit_msp,0.5,20260905,0.5,R2,False,r2__r18__gru512__seed20260905,10.0,micro,1113,7.6194968553459095,7.6194968553459095,0.0,0.2695417789757413,0.16352201257861637,0.10601976639712489,0.0,0.0
r2__r18__gru512__msp0p5__seed20260905,commit,r18,gru512,commit_msp,0.5,20260905,0.5,R2,False,r2__r18__gru512__seed20260905,10.0,macro,1113,8.088437741101927,8.088437741101927,0.0,0.22110759607010744,0.13147634510230213,0.08963125096780528,0.0,0.0
r2__r18__gru512__msp0p6__seed20260903,commit,r18,gru512,commit_msp,0.6,20260903,0.6,R2,False,r2__r18__gru512__seed20260903,10.0,micro,1113,6.359501347708893,6.359501347708893,0.0,0.3692722371967655,0.3162623539982031,0.05300988319856245,0.0,0.0
r2__r18__gru512__msp0p6__seed20260903,commit,r18,gru512,commit_msp,0.6,20260903,0.6,R2,False,r2__r18__gru512__seed20260903,10.0,macro,1113,7.276146027128691,7.276146027128691,0.0,0.2769605236797146,0.23278322070444932,0.044177302975265224,0.0,0.0
r2__r18__gru512__msp0p6__seed20260904,commit,r18,gru512,commit_msp,0.6,20260904,0.6,R2,False,r2__r18__gru512__seed20260904,10.0,micro,1113,6.179132973944293,6.179132973944293,0.0,0.3872416891284816,0.3504043126684636,0.03683737646001797,0.0,0.0
r2__r18__gru512__msp0p6__seed20260904,commit,r18,gru512,commit_msp,0.6,20260904,0.6,R2,False,r2__r18__gru512__seed20260904,10.0,macro,1113,7.170819899029943,7.170819899029943,0.0,0.2882542990914219,0.25475382809080843,0.03350047100061348,0.0,0.0
r2__r18__gru512__msp0p6__seed20260905,commit,r18,gru512,commit_msp,0.6,20260905,0.6,R2,False,r2__r18__gru512__seed20260905,10.0,micro,1113,8.576482479784362,8.576482479784362,0.0,0.16801437556154536,0.08445642407906559,0.08355795148247978,0.0,0.0
r2__r18__gru512__msp0p6__seed20260905,commit,r18,gru512,commit_msp,0.6,20260905,0.6,R2,False,r2__r18__gru512__seed20260905,10.0,macro,1113,8.885915382060844,8.885915382060844,0.0,0.12999132042872785,0.05715235054244268,0.07283896988628519,0.0,0.0
r2__r18__gru512__msp0p7__seed20260903,commit,r18,gru512,commit_msp,0.7,20260903,0.7,R2,False,r2__r18__gru512__seed20260903,10.0,micro,1113,6.4630503144654075,6.4630503144654075,0.0,0.36567834681042233,0.2911051212938005,0.07457322551662174,0.0,0.0
r2__r18__gru512__msp0p7__seed20260903,commit,r18,gru512,commit_msp,0.7,20260903,0.7,R2,False,r2__r18__gru512__seed20260903,10.0,macro,1113,7.3392679790424555,7.3392679790424555,0.0,0.2767566562599343,0.21265798339661623,0.06409867286331804,0.0,0.0
r2__r18__gru512__msp0p7__seed20260904,commit,r18,gru512,commit_msp,0.7,20260904,0.7,R2,False,r2__r18__gru512__seed20260904,10.0,micro,1113,6.2831311769991,6.2831311769991,0.0,0.38185085354896675,0.32884097035040427,0.05300988319856245,0.0,0.0
r2__r18__gru512__msp0p7__seed20260904,commit,r18,gru512,commit_msp,0.7,20260904,0.7,R2,False,r2__r18__gru512__seed20260904,10.0,macro,1113,7.278757835929681,7.278757835929681,0.0,0.2831280074878551,0.23172755139004447,0.05140045609781062,0.0,0.0
r2__r18__gru512__msp0p7__seed20260905,commit,r18,gru512,commit_msp,0.7,20260905,0.7,R2,False,r2__r18__gru512__seed20260905,10.0,micro,1113,9.335579514824794,9.335579514824794,0.0,0.08176100628930819,0.03863432165318958,0.0431266846361186,0.0,0.0
r2__r18__gru512__msp0p7__seed20260905,commit,r18,gru512,commit_msp,0.7,20260905,0.7,R2,False,r2__r18__gru512__seed20260905,10.0,macro,1113,9.527153392084287,9.527153392084287,0.0,0.06071046293520252,0.024152872550376132,0.03655759038482638,0.0,0.0
r2__r18__gru512__msp0p8__seed20260903,commit,r18,gru512,commit_msp,0.8,20260903,0.8,R2,False,r2__r18__gru512__seed20260903,10.0,micro,1113,6.756513926325245,6.756513926325245,0.0,0.3504043126684636,0.25157232704402516,0.09883198562443846,0.0,0.0
r2__r18__gru512__msp0p8__seed20260903,commit,r18,gru512,commit_msp,0.8,20260903,0.8,R2,False,r2__r18__gru512__seed20260903,10.0,macro,1113,7.578553450152515,7.578553450152515,0.0,0.2632758252340449,0.185792178915877,0.0774836463181679,0.0,0.0
r2__r18__gru512__msp0p8__seed20260904,commit,r18,gru512,commit_msp,0.8,20260904,0.8,R2,False,r2__r18__gru512__seed20260904,10.0,micro,1113,6.399820305480681,6.399820305480681,0.0,0.37646001796945194,0.30458221024258764,0.07187780772686433,0.0,0.0
r2__r18__gru512__msp0p8__seed20260904,commit,r18,gru512,commit_msp,0.8,20260904,0.8,R2,False,r2__r18__gru512__seed20260904,10.0,macro,1113,7.413308762081845,7.413308762081845,0.0,0.27215972930015353,0.21246214453708634,0.05969758476306717,0.0,0.0
r2__r18__gru512__msp0p8__seed20260905,commit,r18,gru512,commit_msp,0.8,20260905,0.8,R2,False,r2__r18__gru512__seed20260905,10.0,micro,1113,9.73764600179694,9.73764600179694,0.0,0.03054806828391734,0.016172506738544475,0.014375561545372867,0.0,0.0
r2__r18__gru512__msp0p8__seed20260905,commit,r18,gru512,commit_msp,0.8,20260905,0.8,R2,False,r2__r18__gru512__seed20260905,10.0,macro,1113,9.817782359721335,9.817782359721335,0.0,0.021438134315890037,0.010198300283286119,0.011239834032603918,0.0,0.0
r2__r18__gru512__msp0p9__seed20260903,commit,r18,gru512,commit_msp,0.9,20260903,0.9,R2,False,r2__r18__gru512__seed20260903,10.0,micro,1113,7.211927223719673,7.211927223719673,0.0,0.31356693620844567,0.20664869721473494,0.1069182389937107,0.0,0.0
r2__r18__gru512__msp0p9__seed20260903,commit,r18,gru512,commit_msp,0.9,20260903,0.9,R2,False,r2__r18__gru512__seed20260903,10.0,macro,1113,7.956569804645503,7.956569804645503,0.0,0.23264915090549984,0.14605609287831808,0.08659305802718173,0.0,0.0
r2__r18__gru512__msp0p9__seed20260904,commit,r18,gru512,commit_msp,0.9,20260904,0.9,R2,False,r2__r18__gru512__seed20260904,10.0,micro,1113,6.682726864330636,6.682726864330636,0.0,0.3548966756513927,0.2749326145552561,0.07996406109613657,0.0,0.0
r2__r18__gru512__msp0p9__seed20260904,commit,r18,gru512,commit_msp,0.9,20260904,0.9,R2,False,r2__r18__gru512__seed20260904,10.0,macro,1113,7.661672306527267,7.661672306527267,0.0,0.2513465776386016,0.19140916731007385,0.05993741032852771,0.0,0.0
r2__r18__gru512__msp0p9__seed20260905,commit,r18,gru512,commit_msp,0.9,20260905,0.9,R2,False,r2__r18__gru512__seed20260905,10.0,micro,1113,9.940925426774477,9.940925426774477,0.0,0.0071877807726864335,0.0017969451931716084,0.005390835579514825,0.0,0.0
r2__r18__gru512__msp0p9__seed20260905,commit,r18,gru512,commit_msp,0.9,20260905,0.9,R2,False,r2__r18__gru512__seed20260905,10.0,macro,1113,9.962747875354104,9.962747875354104,0.0,0.004532577903682719,0.0011331444759206798,0.0033994334277620396,0.0,0.0
r2__r18__gru512__patience__seed20260903,postproc,r18,gru512,patience,4.0,20260903,,R2,False,r2__r18__gru512__seed20260903,10.0,micro,1113,6.838836477987419,6.294923629829289,0.5439128481581312,0.37106918238993714,0.36567834681042233,0.07187780772686433,0.0664869721473495,0.1473495058400719
r2__r18__gru512__patience__seed20260903,postproc,r18,gru512,patience,4.0,20260903,,R2,False,r2__r18__gru512__seed20260903,10.0,macro,1113,7.581109081538736,7.176956811345262,0.40415227019347477,0.28862293350283846,0.2775055038510852,0.06427999668517642,0.05316256703342314,0.11563385309956635
r2__r18__gru512__patience__seed20260904,postproc,r18,gru512,patience,2.0,20260904,,R2,False,r2__r18__gru512__seed20260904,10.0,micro,1113,6.711028751123089,6.239442946990116,0.47158580413297396,0.3728661275831087,0.38005390835579517,0.055705300988319856,0.06289308176100629,0.15094339622641512
r2__r18__gru512__patience__seed20260904,postproc,r18,gru512,patience,2.0,20260904,,R2,False,r2__r18__gru512__seed20260904,10.0,macro,1113,7.60754011155233,7.21568951801803,0.39185059353430074,0.2795316828671853,0.28187563009188454,0.05006206549855076,0.052406012723249955,0.13232667184894037
r2__r18__gru512__patience__seed20260905,postproc,r18,gru512,patience,4.0,20260905,,R2,False,r2__r18__gru512__seed20260905,10.0,micro,1113,7.233490566037734,6.402740341419586,0.8307502246181491,0.35130278526504943,0.35130278526504943,0.07367475292003595,0.07367475292003595,0.23090745732255166
r2__r18__gru512__patience__seed20260905,postproc,r18,gru512,patience,4.0,20260905,,R2,False,r2__r18__gru512__seed20260905,10.0,macro,1113,7.772483393398266,7.045372765912898,0.7271106274853698,0.2902888294513425,0.29167659274404106,0.06709881409400864,0.06848657738670724,0.21150327445045064
r2__r18__gru512__ringel__seed20260903,commit,r18,gru512,ringel2024_conditional_adapt,,20260903,,R2,False,r2__r18__gru512__seed20260903,10.0,micro,1113,9.953616352201255,9.953616352201255,0.0,0.37106918238993714,0.0,0.37106918238993714,0.0,0.0
r2__r18__gru512__ringel__seed20260903,commit,r18,gru512,ringel2024_conditional_adapt,,20260903,,R2,False,r2__r18__gru512__seed20260903,10.0,macro,1113,9.964085992020237,9.964085992020237,0.0,0.28731206383808694,0.0,0.28731206383808694,0.0,0.0
r2__r18__gru512__ringel__seed20260904,commit,r18,gru512,ringel2024_conditional_adapt,,20260904,,R2,False,r2__r18__gru512__seed20260904,10.0,micro,1113,9.953279424977534,9.953279424977534,0.0,0.37376460017969454,0.0,0.37376460017969454,0.0,0.0
r2__r18__gru512__ringel__seed20260904,commit,r18,gru512,ringel2024_conditional_adapt,,20260904,,R2,False,r2__r18__gru512__seed20260904,10.0,macro,1113,9.965065496214216,9.965065496214216,0.0,0.2794760302862628,0.0,0.2794760302862628,0.0,0.0
r2__r18__gru512__ringel__seed20260905,commit,r18,gru512,ringel2024_conditional_adapt,,20260905,,R2,False,r2__r18__gru512__seed20260905,10.0,micro,1113,9.956199460916439,9.956199460916439,0.0,0.3504043126684636,0.0,0.3504043126684636,0.0,0.0
r2__r18__gru512__ringel__seed20260905,commit,r18,gru512,ringel2024_conditional_adapt,,20260905,,R2,False,r2__r18__gru512__seed20260905,10.0,macro,1113,9.964452092183988,9.964452092183988,0.0,0.2843832625280804,0.0,0.2843832625280804,0.0,0.0
r2__r18__gru512__seed20260903,prefix,r18,gru512,gru512,,20260903,,R2,False,,10.0,micro,1113,6.926549865229109,6.275044923629828,0.6515049415992813,0.37106918238993714,0.3665768194070081,0.06648697214734951,0.06199460916442048,0.19946091644204852
r2__r18__gru512__seed20260903,prefix,r18,gru512,gru512,,20260903,,R2,False,,10.0,macro,1113,7.651585155868697,7.153828244373072,0.4977569114956253,0.28731206383808694,0.272652674770252,0.05934247593014945,0.04468308686231448,0.15884180735569903
r2__r18__gru512__seed20260904,prefix,r18,gru512,gru512,,20260904,,R2,False,,10.0,micro,1113,6.750673854447438,6.241913746630726,0.5087601078167117,0.37376460017969454,0.38634321653189574,0.058400718778077274,0.07097933513027853,0.16891284815813118
r2__r18__gru512__seed20260904,prefix,r18,gru512,gru512,,20260904,,R2,False,,10.0,macro,1113,7.648289940645717,7.2181144248589675,0.43017551578675095,0.2794760302862628,0.28756849393341166,0.051656915371472545,0.059749379018621464,0.1494927474928249
r2__r18__gru512__seed20260905,prefix,r18,gru512,gru512,,20260905,,R2,False,,10.0,micro,1113,7.469676549865227,6.424640610961365,1.0450359389038635,0.3504043126684636,0.353099730458221,0.07457322551662174,0.07726864330637916,0.31176999101527403
r2__r18__gru512__seed20260905,prefix,r18,gru512,gru512,,20260905,,R2,False,,10.0,macro,1113,7.974395802818838,7.060978822188753,0.9134169806300863,0.2843832625280804,0.2915827715627908,0.06346635391605836,0.07066586295076877,0.28897665303227676
r2__r18__gru512__teaser__seed20260903,commit,r18,gru512,teaser_ocsvm_adapt,,20260903,,R2,False,r2__r18__gru512__seed20260903,10.0,micro,1113,6.374663072776279,6.374663072776279,0.0,0.37106918238993714,0.31356693620844567,0.05750224618149147,0.0,0.0
r2__r18__gru512__teaser__seed20260903,commit,r18,gru512,teaser_ocsvm_adapt,,20260903,,R2,False,r2__r18__gru512__seed20260903,10.0,macro,1113,7.3007435753636045,7.3007435753636045,0.0,0.2767159989913134,0.23181059565041046,0.04490540334090294,0.0,0.0
r2__r18__gru512__teaser__seed20260904,commit,r18,gru512,teaser_ocsvm_adapt,,20260904,,R2,False,r2__r18__gru512__seed20260904,10.0,micro,1113,6.536725067385444,6.536725067385444,0.0,0.3611859838274933,0.30997304582210244,0.05121293800539084,0.0,0.0
r2__r18__gru512__teaser__seed20260904,commit,r18,gru512,teaser_ocsvm_adapt,,20260904,,R2,False,r2__r18__gru512__seed20260904,10.0,macro,1113,7.581753499005938,7.581753499005938,0.0,0.25359585340965696,0.21449129865274463,0.03910455475691231,0.0,0.0
r2__r18__gru512__teaser__seed20260905,commit,r18,gru512,teaser_ocsvm_adapt,,20260905,,R2,False,r2__r18__gru512__seed20260905,10.0,micro,1113,6.327380952380951,6.327380952380951,0.0,0.3692722371967655,0.3360287511230907,0.033243486073674756,0.0,0.0
r2__r18__gru512__teaser__seed20260905,commit,r18,gru512,teaser_ocsvm_adapt,,20260905,,R2,False,r2__r18__gru512__seed20260905,10.0,macro,1113,7.040088310613406,7.040088310613406,0.0,0.2976274966237734,0.2710778734304551,0.026549623193318307,0.0,0.0
r2__r18__mean__seed20260903,clip,r18,mean,mean_linear,,20260903,,R2,False,,10.0,micro,1113,6.599730458221023,6.443733153638813,0.15599730458221023,0.3647798742138365,0.35669362084456424,0.03504043126684636,0.026954177897574125,0.05121293800539084
r2__r18__mean__seed20260903,clip,r18,mean,mean_linear,,20260903,,R2,False,,10.0,macro,1113,7.400043537569993,7.213331500042102,0.18671203752789067,0.2776912424256035,0.28639129987735534,0.02692034709692756,0.03562040454867937,0.05388218656030662
r2__r18__mean__seed20260904,clip,r18,mean,mean_linear,,20260904,,R2,False,,10.0,micro,1113,6.518980233602873,6.319631626235399,0.19934860736747528,0.3701707097933513,0.35759209344115006,0.04402515723270441,0.031446540880503145,0.05480682839173406
r2__r18__mean__seed20260904,clip,r18,mean,mean_linear,,20260904,,R2,False,,10.0,macro,1113,7.116426982353284,6.916457689026503,0.19996929332678082,0.3108016211891219,0.29466455367234856,0.046895658820976974,0.030758591304203626,0.05405458339298587
r2__r18__mean__seed20260905,clip,r18,mean,mean_linear,,20260905,,R2,False,,10.0,micro,1113,6.529761904761903,6.313903863432165,0.21585804132973943,0.3620844564240791,0.3611859838274933,0.04043126684636119,0.039532794249775384,0.06558849955076371
r2__r18__mean__seed20260905,clip,r18,mean,mean_linear,,20260905,,R2,False,,10.0,macro,1113,7.2999820662909345,7.096786060703936,0.20319600558699855,0.2865293008075925,0.2838863204310649,0.0433674362507749,0.04072445587424732,0.06674051455366731
