H,System,Role,T_c,Median F .25,Median F .5,Median F 1,Finest mean increment,Delta star,Saturated
4.0,block__frac__c-0.6,block,0.000000,0.0,0.0,0.0,0.000000,1.0,True
4.0,block__lock__commit-3_d0-3,block,0.000000,1.0,1.0,1.0,0.000000,1.0,True
4.0,block__lock__d0-1,block,0.000000,1.0,1.0,1.0,0.000000,1.0,True
4.0,block__lock__d0-18,block,0.000000,0.0,0.0,0.0,0.000000,1.0,True
4.0,block__lock__d0-3,block,0.000000,1.0,1.0,1.0,0.000000,1.0,True
4.0,block__lock__d0-8,block,0.000000,0.0,0.0,0.0,0.000000,1.0,True
4.0,block__oracle__default,block,0.000000,0.0,0.0,0.0,0.000000,1.0,True
4.0,block__osc__d0-15_p-2,block,0.000000,2.0,2.0,2.0,0.000000,1.0,True
4.0,block__osc__d0-4_p-1,block,0.000000,3.0,3.0,3.0,0.000000,1.0,True
4.0,block__osc__d0-6_p-0.5,block,0.000000,8.0,8.0,0.0,0.000000,0.5,True
4.0,block__rand__eta-0.5,block,0.454545,11.0,6.0,3.0,5.479669,0.25,False
4.0,block__rand__eta-0.9,block,0.000000,2.0,2.0,0.0,1.432982,0.5,True
4.0,clip__r18mean__seed20260903,real,0.000000,0.0,0.0,0.0,0.003012,1.0,True
4.0,clip__r18mean__seed20260904,real,0.000000,0.0,0.0,0.0,0.012048,1.0,True
4.0,clip__r18mean__seed20260905,real,0.000000,0.0,0.0,0.0,0.006024,1.0,True
4.0,commit__margin0p1__prefix__gru512__seed20260903,real,0.000000,0.0,0.0,0.0,0.007530,1.0,True
4.0,commit__margin0p1__prefix__gru512__seed20260904,real,0.000000,0.0,0.0,0.0,0.004518,1.0,True
4.0,commit__margin0p1__prefix__gru512__seed20260905,real,0.000000,0.0,0.0,0.0,0.000753,1.0,True
4.0,commit__margin0p2__prefix__gru512__seed20260903,real,0.000000,0.0,0.0,0.0,0.012801,1.0,True
4.0,commit__margin0p2__prefix__gru512__seed20260904,real,0.000000,0.0,0.0,0.0,0.010542,1.0,True
4.0,commit__margin0p2__prefix__gru512__seed20260905,real,0.000000,0.0,0.0,0.0,0.006024,1.0,True
4.0,commit__margin0p4__prefix__gru512__seed20260903,real,0.000000,0.0,0.0,0.0,0.011295,1.0,True
4.0,commit__margin0p4__prefix__gru512__seed20260904,real,0.000000,0.0,0.0,0.0,0.012801,1.0,True
4.0,commit__margin0p4__prefix__gru512__seed20260905,real,0.000000,0.0,0.0,0.0,0.008283,1.0,True
4.0,commit__margin0p6__prefix__gru512__seed20260903,real,0.000000,0.0,0.0,0.0,0.010542,1.0,True
4.0,commit__margin0p6__prefix__gru512__seed20260904,real,0.000000,0.0,0.0,0.0,0.006777,1.0,True
4.0,commit__margin0p6__prefix__gru512__seed20260905,real,0.000000,0.0,0.0,0.0,0.009036,1.0,True
4.0,commit__msp0p5__prefix__gru512__seed20260903,real,0.000000,0.0,0.0,0.0,0.014307,1.0,True
4.0,commit__msp0p5__prefix__gru512__seed20260904,real,0.000000,0.0,0.0,0.0,0.009036,1.0,True
4.0,commit__msp0p5__prefix__gru512__seed20260905,real,0.000000,0.0,0.0,0.0,0.006777,1.0,True
4.0,commit__msp0p6__prefix__gru512__seed20260903,real,0.000000,0.0,0.0,0.0,0.009036,1.0,True
4.0,commit__msp0p6__prefix__gru512__seed20260904,real,0.000000,0.0,0.0,0.0,0.014307,1.0,True
4.0,commit__msp0p6__prefix__gru512__seed20260905,real,0.000000,0.0,0.0,0.0,0.012048,1.0,True
4.0,commit__msp0p7__prefix__gru512__seed20260903,real,0.000000,0.0,0.0,0.0,0.011295,1.0,True
4.0,commit__msp0p7__prefix__gru512__seed20260904,real,0.000000,0.0,0.0,0.0,0.005271,1.0,True
4.0,commit__msp0p7__prefix__gru512__seed20260905,real,0.000000,0.0,0.0,0.0,0.010542,1.0,True
4.0,commit__msp0p8__prefix__gru512__seed20260903,real,0.000000,0.0,0.0,0.0,0.002259,1.0,True
4.0,commit__msp0p8__prefix__gru512__seed20260904,real,0.000000,0.0,0.0,0.0,0.000000,1.0,True
4.0,commit__msp0p8__prefix__gru512__seed20260905,real,0.000000,0.0,0.0,0.0,0.006024,1.0,True
4.0,commit__msp0p9__prefix__gru512__seed20260903,real,0.000000,0.0,0.0,0.0,0.002259,1.0,True
4.0,commit__msp0p9__prefix__gru512__seed20260904,real,0.000000,0.0,0.0,0.0,0.001506,1.0,True
4.0,commit__msp0p9__prefix__gru512__seed20260905,real,0.000000,0.0,0.0,0.0,0.006777,1.0,True
4.0,postproc__ema0p2__prefix__gru512__seed20260904,real,0.000000,0.0,0.0,0.0,0.070783,1.0,True
4.0,postproc__ema0p2__prefix__gru512__seed20260905,real,0.000000,0.0,0.0,0.0,0.084337,1.0,True
4.0,postproc__ema0p7__prefix__gru512__seed20260903,real,0.000000,0.0,0.0,0.0,0.185994,1.0,True
4.0,postproc__hysteresis0p05__prefix__gru512__seed20260904,real,0.000000,0.0,0.0,0.0,0.057229,1.0,True
4.0,postproc__hysteresis0p05__prefix__gru512__seed20260905,real,0.000000,0.0,0.0,0.0,0.046687,1.0,True
4.0,postproc__hysteresis0p2__prefix__gru512__seed20260903,real,0.000000,0.0,0.0,0.0,0.014307,1.0,True
4.0,postproc__majority2__prefix__gru512__seed20260903,real,0.000000,0.0,0.0,0.0,0.192771,1.0,True
4.0,postproc__majority2__prefix__gru512__seed20260904,real,0.000000,0.0,0.0,0.0,0.143072,1.0,True
4.0,postproc__majority9__prefix__gru512__seed20260905,real,0.000000,0.0,0.0,0.0,0.088855,1.0,True
4.0,postproc__patience2__prefix__gru512__seed20260903,real,0.000000,0.0,0.0,0.0,0.175452,1.0,True
4.0,postproc__patience2__prefix__gru512__seed20260904,real,0.000000,0.0,0.0,0.0,0.192018,1.0,True
4.0,postproc__patience6__prefix__gru512__seed20260905,real,0.000000,0.0,0.0,0.0,0.070030,1.0,True
4.0,prefix__gru128__seed20260903,real,0.000000,0.0,0.0,0.0,0.205572,1.0,True
4.0,prefix__gru128__seed20260904,real,0.000000,0.0,0.0,0.0,0.231175,1.0,True
4.0,prefix__gru128__seed20260905,real,0.000000,0.0,0.0,0.0,0.201807,1.0,True
4.0,prefix__gru512__seed20260903,real,0.000000,0.0,0.0,0.0,0.192771,1.0,True
4.0,prefix__gru512__seed20260904,real,0.000000,0.0,0.0,0.0,0.143072,1.0,True
4.0,prefix__gru512__seed20260905,real,0.000000,0.0,0.0,0.0,0.131024,1.0,True
4.0,r2__clipb16__gru128__ringel__seed20260903,real,0.000000,0.0,0.0,0.0,0.000000,1.0,True
4.0,r2__clipb16__gru128__ringel__seed20260904,real,0.000000,0.0,0.0,0.0,0.000000,1.0,True
4.0,r2__clipb16__gru128__ringel__seed20260905,real,0.000000,0.0,0.0,0.0,0.000000,1.0,True
4.0,r2__clipb16__gru128__seed20260903,real,0.000000,0.0,0.0,0.0,0.142319,1.0,True
4.0,r2__clipb16__gru128__seed20260904,real,0.000000,0.0,0.0,0.0,0.179970,1.0,True
4.0,r2__clipb16__gru128__seed20260905,real,0.000000,0.0,0.0,0.0,0.137801,1.0,True
4.0,r2__clipb16__gru128__teaser__seed20260903,real,0.000000,0.0,0.0,0.0,0.003012,1.0,True
4.0,r2__clipb16__gru128__teaser__seed20260904,real,0.000000,1.0,1.0,1.0,0.042169,1.0,True
4.0,r2__clipb16__gru128__teaser__seed20260905,real,0.000000,1.0,1.0,1.0,0.055723,1.0,True
4.0,r2__clipb16__gru512__ema__seed20260903,real,0.000000,0.0,0.0,0.0,0.023343,1.0,True
4.0,r2__clipb16__gru512__ema__seed20260904,real,0.000000,0.0,0.0,0.0,0.079819,1.0,True
4.0,r2__clipb16__gru512__ema__seed20260905,real,0.000000,0.0,0.0,0.0,0.035392,1.0,True
4.0,r2__clipb16__gru512__hysteresis__seed20260903,real,0.000000,0.0,0.0,0.0,0.005271,1.0,True
4.0,r2__clipb16__gru512__hysteresis__seed20260904,real,0.000000,0.0,0.0,0.0,0.011295,1.0,True
4.0,r2__clipb16__gru512__hysteresis__seed20260905,real,0.000000,0.0,0.0,0.0,0.008283,1.0,True
4.0,r2__clipb16__gru512__majority__seed20260903,real,0.000000,0.0,0.0,0.0,0.054970,1.0,True
4.0,r2__clipb16__gru512__majority__seed20260904,real,0.000000,0.0,0.0,0.0,0.093373,1.0,True
4.0,r2__clipb16__gru512__majority__seed20260905,real,0.000000,0.0,0.0,0.0,0.030873,1.0,True
4.0,r2__clipb16__gru512__margin0p1__seed20260903,real,0.000000,0.0,0.0,0.0,0.000000,1.0,True
4.0,r2__clipb16__gru512__margin0p1__seed20260904,real,0.000000,0.0,0.0,0.0,0.006777,1.0,True
4.0,r2__clipb16__gru512__margin0p1__seed20260905,real,0.000000,0.0,0.0,0.0,0.000000,1.0,True
4.0,r2__clipb16__gru512__margin0p2__seed20260903,real,0.000000,0.0,0.0,0.0,0.000753,1.0,True
4.0,r2__clipb16__gru512__margin0p2__seed20260904,real,0.000000,0.0,0.0,0.0,0.015060,1.0,True
4.0,r2__clipb16__gru512__margin0p2__seed20260905,real,0.000000,0.0,0.0,0.0,0.000753,1.0,True
4.0,r2__clipb16__gru512__margin0p4__seed20260903,real,0.000000,0.0,0.0,0.0,0.002259,1.0,True
4.0,r2__clipb16__gru512__margin0p4__seed20260904,real,0.000000,0.0,0.0,0.0,0.009789,1.0,True
4.0,r2__clipb16__gru512__margin0p4__seed20260905,real,0.000000,0.0,0.0,0.0,0.006024,1.0,True
4.0,r2__clipb16__gru512__margin0p6__seed20260903,real,0.000000,0.0,0.0,0.0,0.001506,1.0,True
4.0,r2__clipb16__gru512__margin0p6__seed20260904,real,0.000000,0.0,0.0,0.0,0.006777,1.0,True
4.0,r2__clipb16__gru512__margin0p6__seed20260905,real,0.000000,0.0,0.0,0.0,0.003012,1.0,True
4.0,r2__clipb16__gru512__msp0p5__seed20260903,real,0.000000,0.0,0.0,0.0,0.000753,1.0,True
4.0,r2__clipb16__gru512__msp0p5__seed20260904,real,0.000000,0.0,0.0,0.0,0.015060,1.0,True
4.0,r2__clipb16__gru512__msp0p5__seed20260905,real,0.000000,0.0,0.0,0.0,0.000753,1.0,True
4.0,r2__clipb16__gru512__msp0p6__seed20260903,real,0.000000,0.0,0.0,0.0,0.000753,1.0,True
4.0,r2__clipb16__gru512__msp0p6__seed20260904,real,0.000000,0.0,0.0,0.0,0.003012,1.0,True
4.0,r2__clipb16__gru512__msp0p6__seed20260905,real,0.000000,0.0,0.0,0.0,0.005271,1.0,True
4.0,r2__clipb16__gru512__msp0p7__seed20260903,real,0.000000,0.0,0.0,0.0,0.000753,1.0,True
4.0,r2__clipb16__gru512__msp0p7__seed20260904,real,0.000000,0.0,0.0,0.0,0.003765,1.0,True
4.0,r2__clipb16__gru512__msp0p7__seed20260905,real,0.000000,0.0,0.0,0.0,0.004518,1.0,True
4.0,r2__clipb16__gru512__msp0p8__seed20260903,real,0.000000,0.0,0.0,0.0,0.001506,1.0,True
4.0,r2__clipb16__gru512__msp0p8__seed20260904,real,0.000000,0.0,0.0,0.0,0.002259,1.0,True
4.0,r2__clipb16__gru512__msp0p8__seed20260905,real,0.000000,0.0,0.0,0.0,0.006024,1.0,True
4.0,r2__clipb16__gru512__msp0p9__seed20260903,real,0.000000,0.0,0.0,0.0,0.000753,1.0,True
4.0,r2__clipb16__gru512__msp0p9__seed20260904,real,0.000000,0.0,0.0,0.0,0.000753,1.0,True
4.0,r2__clipb16__gru512__msp0p9__seed20260905,real,0.000000,0.0,0.0,0.0,0.005271,1.0,True
4.0,r2__clipb16__gru512__patience__seed20260903,real,0.000000,0.0,0.0,0.0,0.044428,1.0,True
4.0,r2__clipb16__gru512__patience__seed20260904,real,0.000000,0.0,0.0,0.0,0.105422,1.0,True
4.0,r2__clipb16__gru512__patience__seed20260905,real,0.000000,0.0,0.0,0.0,0.025602,1.0,True
4.0,r2__clipb16__gru512__ringel__seed20260903,real,0.000000,0.0,0.0,0.0,0.000000,1.0,True
4.0,r2__clipb16__gru512__ringel__seed20260904,real,0.000000,0.0,0.0,0.0,0.000000,1.0,True
4.0,r2__clipb16__gru512__ringel__seed20260905,real,0.000000,0.0,0.0,0.0,0.000000,1.0,True
4.0,r2__clipb16__gru512__seed20260903,real,0.000000,0.0,0.0,0.0,0.015060,1.0,True
4.0,r2__clipb16__gru512__seed20260904,real,0.000000,0.0,0.0,0.0,0.187500,1.0,True
4.0,r2__clipb16__gru512__seed20260905,real,0.000000,0.0,0.0,0.0,0.030873,1.0,True
4.0,r2__clipb16__gru512__teaser__seed20260903,real,0.000000,0.0,0.0,0.0,0.006777,1.0,True
4.0,r2__clipb16__gru512__teaser__seed20260904,real,0.000000,1.0,1.0,1.0,0.053464,1.0,True
4.0,r2__clipb16__gru512__teaser__seed20260905,real,0.000000,0.0,0.0,0.0,0.004518,1.0,True
4.0,r2__clipb16__mean__seed20260903,real,0.000000,0.0,0.0,0.0,0.003012,1.0,True
4.0,r2__clipb16__mean__seed20260904,real,0.000000,0.0,0.0,0.0,0.005271,1.0,True
4.0,r2__clipb16__mean__seed20260905,real,0.000000,0.0,0.0,0.0,0.008283,1.0,True
4.0,r2__r18__gru128__ringel__seed20260903,real,0.000000,0.0,0.0,0.0,0.000000,1.0,True
4.0,r2__r18__gru128__ringel__seed20260904,real,0.000000,0.0,0.0,0.0,0.000000,1.0,True
4.0,r2__r18__gru128__ringel__seed20260905,real,0.000000,0.0,0.0,0.0,0.000000,1.0,True
4.0,r2__r18__gru128__seed20260903,real,0.000000,0.0,0.0,0.0,0.195783,1.0,True
4.0,r2__r18__gru128__seed20260904,real,0.000000,0.0,0.0,0.0,0.280120,1.0,True
4.0,r2__r18__gru128__seed20260905,real,0.000000,0.0,0.0,0.0,0.134036,1.0,True
4.0,r2__r18__gru128__teaser__seed20260903,real,0.000000,1.0,1.0,1.0,0.079819,1.0,True
4.0,r2__r18__gru128__teaser__seed20260904,real,0.000000,0.0,0.0,0.0,0.003765,1.0,True
4.0,r2__r18__gru128__teaser__seed20260905,real,0.000000,0.0,0.0,0.0,0.007530,1.0,True
4.0,r2__r18__gru512__ema__seed20260903,real,0.000000,0.0,0.0,0.0,0.082831,1.0,True
4.0,r2__r18__gru512__ema__seed20260904,real,0.000000,0.0,0.0,0.0,0.038404,1.0,True
4.0,r2__r18__gru512__ema__seed20260905,real,0.000000,0.0,0.0,0.0,0.140813,1.0,True
4.0,r2__r18__gru512__hysteresis__seed20260903,real,0.000000,0.0,0.0,0.0,0.023343,1.0,True
4.0,r2__r18__gru512__hysteresis__seed20260904,real,0.000000,0.0,0.0,0.0,0.006777,1.0,True
4.0,r2__r18__gru512__hysteresis__seed20260905,real,0.000000,0.0,0.0,0.0,0.016566,1.0,True
4.0,r2__r18__gru512__majority__seed20260903,real,0.000000,0.0,0.0,0.0,0.094127,1.0,True
4.0,r2__r18__gru512__majority__seed20260904,real,0.000000,0.0,0.0,0.0,0.061747,1.0,True
4.0,r2__r18__gru512__majority__seed20260905,real,0.000000,0.0,0.0,0.0,0.182229,1.0,True
4.0,r2__r18__gru512__margin0p1__seed20260903,real,0.000000,0.0,0.0,0.0,0.000000,1.0,True
4.0,r2__r18__gru512__margin0p1__seed20260904,real,0.000000,0.0,0.0,0.0,0.000000,1.0,True
4.0,r2__r18__gru512__margin0p1__seed20260905,real,0.000000,0.0,0.0,0.0,0.006024,1.0,True
4.0,r2__r18__gru512__margin0p2__seed20260903,real,0.000000,0.0,0.0,0.0,0.001506,1.0,True
4.0,r2__r18__gru512__margin0p2__seed20260904,real,0.000000,0.0,0.0,0.0,0.000753,1.0,True
4.0,r2__r18__gru512__margin0p2__seed20260905,real,0.000000,0.0,0.0,0.0,0.018072,1.0,True
4.0,r2__r18__gru512__margin0p4__seed20260903,real,0.000000,0.0,0.0,0.0,0.005271,1.0,True
4.0,r2__r18__gru512__margin0p4__seed20260904,real,0.000000,0.0,0.0,0.0,0.002259,1.0,True
4.0,r2__r18__gru512__margin0p4__seed20260905,real,0.000000,0.0,0.0,0.0,0.011295,1.0,True
4.0,r2__r18__gru512__margin0p6__seed20260903,real,0.000000,0.0,0.0,0.0,0.013554,1.0,True
4.0,r2__r18__gru512__margin0p6__seed20260904,real,0.000000,0.0,0.0,0.0,0.004518,1.0,True
4.0,r2__r18__gru512__margin0p6__seed20260905,real,0.000000,0.0,0.0,0.0,0.004518,1.0,True
4.0,r2__r18__gru512__msp0p5__seed20260903,real,0.000000,0.0,0.0,0.0,0.003012,1.0,True
4.0,r2__r18__gru512__msp0p5__seed20260904,real,0.000000,0.0,0.0,0.0,0.000753,1.0,True
4.0,r2__r18__gru512__msp0p5__seed20260905,real,0.000000,0.0,0.0,0.0,0.012048,1.0,True
4.0,r2__r18__gru512__msp0p6__seed20260903,real,0.000000,0.0,0.0,0.0,0.004518,1.0,True
4.0,r2__r18__gru512__msp0p6__seed20260904,real,0.000000,0.0,0.0,0.0,0.000000,1.0,True
4.0,r2__r18__gru512__msp0p6__seed20260905,real,0.000000,0.0,0.0,0.0,0.009036,1.0,True
4.0,r2__r18__gru512__msp0p7__seed20260903,real,0.000000,0.0,0.0,0.0,0.006777,1.0,True
4.0,r2__r18__gru512__msp0p7__seed20260904,real,0.000000,0.0,0.0,0.0,0.003765,1.0,True
4.0,r2__r18__gru512__msp0p7__seed20260905,real,0.000000,0.0,0.0,0.0,0.003012,1.0,True
4.0,r2__r18__gru512__msp0p8__seed20260903,real,0.000000,0.0,0.0,0.0,0.005271,1.0,True
4.0,r2__r18__gru512__msp0p8__seed20260904,real,0.000000,0.0,0.0,0.0,0.003012,1.0,True
4.0,r2__r18__gru512__msp0p8__seed20260905,real,0.000000,0.0,0.0,0.0,0.001506,1.0,True
4.0,r2__r18__gru512__msp0p9__seed20260903,real,0.000000,0.0,0.0,0.0,0.012048,1.0,True
4.0,r2__r18__gru512__msp0p9__seed20260904,real,0.000000,0.0,0.0,0.0,0.006024,1.0,True
4.0,r2__r18__gru512__msp0p9__seed20260905,real,0.000000,0.0,0.0,0.0,0.000753,1.0,True
4.0,r2__r18__gru512__patience__seed20260903,real,0.000000,0.0,0.0,0.0,0.064759,1.0,True
4.0,r2__r18__gru512__patience__seed20260904,real,0.000000,0.0,0.0,0.0,0.053464,1.0,True
4.0,r2__r18__gru512__patience__seed20260905,real,0.000000,0.0,0.0,0.0,0.204066,1.0,True
4.0,r2__r18__gru512__ringel__seed20260903,real,0.000000,0.0,0.0,0.0,0.000000,1.0,True
4.0,r2__r18__gru512__ringel__seed20260904,real,0.000000,0.0,0.0,0.0,0.000000,1.0,True
4.0,r2__r18__gru512__ringel__seed20260905,real,0.000000,0.0,0.0,0.0,0.000000,1.0,True
4.0,r2__r18__gru512__seed20260903,real,0.000000,0.0,0.0,0.0,0.094127,1.0,True
4.0,r2__r18__gru512__seed20260904,real,0.000000,0.0,0.0,0.0,0.061747,1.0,True
4.0,r2__r18__gru512__seed20260905,real,0.000000,0.0,0.0,0.0,0.152108,1.0,True
4.0,r2__r18__gru512__teaser__seed20260903,real,0.000000,0.0,0.0,0.0,0.014307,1.0,True
4.0,r2__r18__gru512__teaser__seed20260904,real,0.000000,0.0,0.0,0.0,0.005271,1.0,True
4.0,r2__r18__gru512__teaser__seed20260905,real,0.000000,0.0,0.0,0.0,0.000000,1.0,True
4.0,r2__r18__mean__seed20260903,real,0.000000,0.0,0.0,0.0,0.009036,1.0,True
4.0,r2__r18__mean__seed20260904,real,0.000000,0.0,0.0,0.0,0.009036,1.0,True
4.0,r2__r18__mean__seed20260905,real,0.000000,0.0,0.0,0.0,0.015813,1.0,True
4.0,trivial__constbot,trivial,0.000000,0.0,0.0,0.0,0.000000,1.0,True
4.0,trivial__majority,trivial,0.000000,0.0,0.0,0.0,0.000000,1.0,True
4.0,trivial__oracle,trivial,0.000000,0.0,0.0,0.0,0.000000,1.0,True
4.0,trivial__random,trivial,0.461538,13.0,7.0,3.0,6.473645,0.25,False
10.0,block__frac__c-0.6,block,0.000000,0.0,0.0,0.0,0.000000,1.0,True
10.0,block__lock__commit-3_d0-3,block,0.000000,1.0,1.0,1.0,0.000000,1.0,True
10.0,block__lock__d0-1,block,0.000000,1.0,1.0,1.0,0.000000,1.0,True
10.0,block__lock__d0-18,block,0.000000,0.0,0.0,0.0,0.000000,1.0,True
10.0,block__lock__d0-3,block,0.000000,1.0,1.0,1.0,0.000000,1.0,True
10.0,block__lock__d0-8,block,0.000000,1.0,1.0,1.0,0.000000,1.0,True
10.0,block__oracle__default,block,0.000000,0.0,0.0,0.0,0.000000,1.0,True
10.0,block__osc__d0-15_p-2,block,0.000000,5.0,5.0,5.0,0.000000,1.0,True
10.0,block__osc__d0-4_p-1,block,0.000000,3.0,3.0,3.0,0.000000,1.0,True
10.0,block__osc__d0-6_p-0.5,block,0.000000,11.0,11.0,1.0,0.000000,0.5,True
10.0,block__rand__eta-0.5,block,0.500000,28.0,14.0,7.0,13.742138,0.25,False
10.0,block__rand__eta-0.9,block,0.428571,7.0,4.0,2.0,3.661276,0.25,False
10.0,clip__r18mean__seed20260903,real,0.000000,0.0,0.0,0.0,0.005391,1.0,True
10.0,clip__r18mean__seed20260904,real,0.000000,0.0,0.0,0.0,0.017071,1.0,True
10.0,clip__r18mean__seed20260905,real,0.000000,0.0,0.0,0.0,0.012579,1.0,True
10.0,commit__margin0p1__prefix__gru512__seed20260903,real,0.000000,0.0,0.0,0.0,0.001797,1.0,True
10.0,commit__margin0p1__prefix__gru512__seed20260904,real,0.000000,0.0,0.0,0.0,0.000898,1.0,True
10.0,commit__margin0p1__prefix__gru512__seed20260905,real,0.000000,0.0,0.0,0.0,0.000000,1.0,True
10.0,commit__margin0p2__prefix__gru512__seed20260903,real,0.000000,0.0,0.0,0.0,0.009883,1.0,True
10.0,commit__margin0p2__prefix__gru512__seed20260904,real,0.000000,0.0,0.0,0.0,0.007188,1.0,True
10.0,commit__margin0p2__prefix__gru512__seed20260905,real,0.000000,0.0,0.0,0.0,0.000898,1.0,True
10.0,commit__margin0p4__prefix__gru512__seed20260903,real,0.000000,0.0,0.0,0.0,0.013477,1.0,True
10.0,commit__margin0p4__prefix__gru512__seed20260904,real,0.000000,0.0,0.0,0.0,0.016173,1.0,True
10.0,commit__margin0p4__prefix__gru512__seed20260905,real,0.000000,0.0,0.0,0.0,0.007188,1.0,True
10.0,commit__margin0p6__prefix__gru512__seed20260903,real,0.000000,0.0,0.0,0.0,0.010782,1.0,True
10.0,commit__margin0p6__prefix__gru512__seed20260904,real,0.000000,0.0,0.0,0.0,0.007188,1.0,True
10.0,commit__margin0p6__prefix__gru512__seed20260905,real,0.000000,0.0,0.0,0.0,0.007188,1.0,True
10.0,commit__msp0p5__prefix__gru512__seed20260903,real,0.000000,0.0,0.0,0.0,0.008985,1.0,True
10.0,commit__msp0p5__prefix__gru512__seed20260904,real,0.000000,0.0,0.0,0.0,0.009883,1.0,True
10.0,commit__msp0p5__prefix__gru512__seed20260905,real,0.000000,0.0,0.0,0.0,0.004492,1.0,True
10.0,commit__msp0p6__prefix__gru512__seed20260903,real,0.000000,0.0,0.0,0.0,0.007188,1.0,True
10.0,commit__msp0p6__prefix__gru512__seed20260904,real,0.000000,0.0,0.0,0.0,0.012579,1.0,True
10.0,commit__msp0p6__prefix__gru512__seed20260905,real,0.000000,0.0,0.0,0.0,0.010782,1.0,True
10.0,commit__msp0p7__prefix__gru512__seed20260903,real,0.000000,0.0,0.0,0.0,0.014376,1.0,True
10.0,commit__msp0p7__prefix__gru512__seed20260904,real,0.000000,0.0,0.0,0.0,0.006289,1.0,True
10.0,commit__msp0p7__prefix__gru512__seed20260905,real,0.000000,0.0,0.0,0.0,0.008086,1.0,True
10.0,commit__msp0p8__prefix__gru512__seed20260903,real,0.000000,0.0,0.0,0.0,0.004492,1.0,True
10.0,commit__msp0p8__prefix__gru512__seed20260904,real,0.000000,0.0,0.0,0.0,0.001797,1.0,True
10.0,commit__msp0p8__prefix__gru512__seed20260905,real,0.000000,0.0,0.0,0.0,0.012579,1.0,True
10.0,commit__msp0p9__prefix__gru512__seed20260903,real,0.000000,0.0,0.0,0.0,0.003594,1.0,True
10.0,commit__msp0p9__prefix__gru512__seed20260904,real,0.000000,0.0,0.0,0.0,0.004492,1.0,True
10.0,commit__msp0p9__prefix__gru512__seed20260905,real,0.000000,0.0,0.0,0.0,0.008985,1.0,True
10.0,postproc__ema0p2__prefix__gru512__seed20260904,real,0.000000,0.0,0.0,0.0,0.227314,1.0,True
10.0,postproc__ema0p2__prefix__gru512__seed20260905,real,0.000000,0.0,0.0,0.0,0.179695,1.0,True
10.0,postproc__ema0p7__prefix__gru512__seed20260903,real,1.000000,1.0,0.0,0.0,0.415993,0.25,False
10.0,postproc__hysteresis0p05__prefix__gru512__seed20260904,real,0.000000,0.0,0.0,0.0,0.117700,1.0,True
10.0,postproc__hysteresis0p05__prefix__gru512__seed20260905,real,0.000000,0.0,0.0,0.0,0.135669,1.0,True
10.0,postproc__hysteresis0p2__prefix__gru512__seed20260903,real,0.000000,0.0,0.0,0.0,0.025157,1.0,True
10.0,postproc__majority2__prefix__gru512__seed20260903,real,0.000000,1.0,1.0,0.0,0.415094,0.5,True
10.0,postproc__majority2__prefix__gru512__seed20260904,real,0.000000,0.0,0.0,0.0,0.331536,1.0,True
10.0,postproc__majority9__prefix__gru512__seed20260905,real,0.000000,0.0,0.0,0.0,0.226415,1.0,True
10.0,postproc__patience2__prefix__gru512__seed20260903,real,0.000000,0.0,0.0,0.0,0.442947,1.0,True
10.0,postproc__patience2__prefix__gru512__seed20260904,real,0.000000,0.0,0.0,0.0,0.408805,1.0,True
10.0,postproc__patience6__prefix__gru512__seed20260905,real,0.000000,0.0,0.0,0.0,0.211141,1.0,True
10.0,prefix__gru128__seed20260903,real,0.000000,0.0,0.0,0.0,0.490566,1.0,True
10.0,prefix__gru128__seed20260904,real,0.000000,0.0,0.0,0.0,0.522013,1.0,True
10.0,prefix__gru128__seed20260905,real,0.000000,0.0,0.0,0.0,0.514825,1.0,True
10.0,prefix__gru512__seed20260903,real,0.000000,1.0,1.0,0.0,0.415094,0.5,True
10.0,prefix__gru512__seed20260904,real,0.000000,0.0,0.0,0.0,0.331536,1.0,True
10.0,prefix__gru512__seed20260905,real,0.000000,0.0,0.0,0.0,0.316262,1.0,True
10.0,r2__clipb16__gru128__ringel__seed20260903,real,0.000000,1.0,1.0,1.0,0.000000,1.0,True
10.0,r2__clipb16__gru128__ringel__seed20260904,real,0.000000,1.0,1.0,1.0,0.000000,1.0,True
10.0,r2__clipb16__gru128__ringel__seed20260905,real,0.000000,1.0,1.0,1.0,0.000000,1.0,True
10.0,r2__clipb16__gru128__seed20260903,real,0.000000,0.0,0.0,0.0,0.293801,1.0,True
10.0,r2__clipb16__gru128__seed20260904,real,0.000000,0.0,0.0,0.0,0.386343,1.0,True
10.0,r2__clipb16__gru128__seed20260905,real,0.000000,0.0,0.0,0.0,0.338724,1.0,True
10.0,r2__clipb16__gru128__teaser__seed20260903,real,0.000000,0.0,0.0,0.0,0.005391,1.0,True
10.0,r2__clipb16__gru128__teaser__seed20260904,real,0.000000,1.0,1.0,1.0,0.021563,1.0,True
10.0,r2__clipb16__gru128__teaser__seed20260905,real,0.000000,1.0,1.0,1.0,0.036837,1.0,True
10.0,r2__clipb16__gru512__ema__seed20260903,real,0.000000,0.0,0.0,0.0,0.035939,1.0,True
10.0,r2__clipb16__gru512__ema__seed20260904,real,0.000000,0.0,0.0,0.0,0.175202,1.0,True
10.0,r2__clipb16__gru512__ema__seed20260905,real,0.000000,0.0,0.0,0.0,0.073675,1.0,True
10.0,r2__clipb16__gru512__hysteresis__seed20260903,real,0.000000,0.0,0.0,0.0,0.008985,1.0,True
10.0,r2__clipb16__gru512__hysteresis__seed20260904,real,0.000000,0.0,0.0,0.0,0.013477,1.0,True
10.0,r2__clipb16__gru512__hysteresis__seed20260905,real,0.000000,0.0,0.0,0.0,0.013477,1.0,True
10.0,r2__clipb16__gru512__majority__seed20260903,real,0.000000,0.0,0.0,0.0,0.069182,1.0,True
10.0,r2__clipb16__gru512__majority__seed20260904,real,0.000000,0.0,0.0,0.0,0.239892,1.0,True
10.0,r2__clipb16__gru512__majority__seed20260905,real,0.000000,0.0,0.0,0.0,0.056604,1.0,True
10.0,r2__clipb16__gru512__margin0p1__seed20260903,real,0.000000,0.0,0.0,0.0,0.000000,1.0,True
10.0,r2__clipb16__gru512__margin0p1__seed20260904,real,0.000000,0.0,0.0,0.0,0.002695,1.0,True
10.0,r2__clipb16__gru512__margin0p1__seed20260905,real,0.000000,0.0,0.0,0.0,0.000000,1.0,True
10.0,r2__clipb16__gru512__margin0p2__seed20260903,real,0.000000,0.0,0.0,0.0,0.000000,1.0,True
10.0,r2__clipb16__gru512__margin0p2__seed20260904,real,0.000000,0.0,0.0,0.0,0.011680,1.0,True
10.0,r2__clipb16__gru512__margin0p2__seed20260905,real,0.000000,0.0,0.0,0.0,0.000898,1.0,True
10.0,r2__clipb16__gru512__margin0p4__seed20260903,real,0.000000,0.0,0.0,0.0,0.000898,1.0,True
10.0,r2__clipb16__gru512__margin0p4__seed20260904,real,0.000000,0.0,0.0,0.0,0.007188,1.0,True
10.0,r2__clipb16__gru512__margin0p4__seed20260905,real,0.000000,0.0,0.0,0.0,0.001797,1.0,True
10.0,r2__clipb16__gru512__margin0p6__seed20260903,real,0.000000,0.0,0.0,0.0,0.000898,1.0,True
10.0,r2__clipb16__gru512__margin0p6__seed20260904,real,0.000000,0.0,0.0,0.0,0.007188,1.0,True
10.0,r2__clipb16__gru512__margin0p6__seed20260905,real,0.000000,0.0,0.0,0.0,0.004492,1.0,True
10.0,r2__clipb16__gru512__msp0p5__seed20260903,real,0.000000,0.0,0.0,0.0,0.000000,1.0,True
10.0,r2__clipb16__gru512__msp0p5__seed20260904,real,0.000000,0.0,0.0,0.0,0.009883,1.0,True
10.0,r2__clipb16__gru512__msp0p5__seed20260905,real,0.000000,0.0,0.0,0.0,0.000898,1.0,True
10.0,r2__clipb16__gru512__msp0p6__seed20260903,real,0.000000,0.0,0.0,0.0,0.000898,1.0,True
10.0,r2__clipb16__gru512__msp0p6__seed20260904,real,0.000000,0.0,0.0,0.0,0.008086,1.0,True
10.0,r2__clipb16__gru512__msp0p6__seed20260905,real,0.000000,0.0,0.0,0.0,0.000000,1.0,True
10.0,r2__clipb16__gru512__msp0p7__seed20260903,real,0.000000,0.0,0.0,0.0,0.001797,1.0,True
10.0,r2__clipb16__gru512__msp0p7__seed20260904,real,0.000000,0.0,0.0,0.0,0.005391,1.0,True
10.0,r2__clipb16__gru512__msp0p7__seed20260905,real,0.000000,0.0,0.0,0.0,0.003594,1.0,True
10.0,r2__clipb16__gru512__msp0p8__seed20260903,real,0.000000,0.0,0.0,0.0,0.001797,1.0,True
10.0,r2__clipb16__gru512__msp0p8__seed20260904,real,0.000000,0.0,0.0,0.0,0.001797,1.0,True
10.0,r2__clipb16__gru512__msp0p8__seed20260905,real,0.000000,0.0,0.0,0.0,0.004492,1.0,True
10.0,r2__clipb16__gru512__msp0p9__seed20260903,real,0.000000,0.0,0.0,0.0,0.001797,1.0,True
10.0,r2__clipb16__gru512__msp0p9__seed20260904,real,0.000000,0.0,0.0,0.0,0.000898,1.0,True
10.0,r2__clipb16__gru512__msp0p9__seed20260905,real,0.000000,0.0,0.0,0.0,0.003594,1.0,True
10.0,r2__clipb16__gru512__patience__seed20260903,real,0.000000,0.0,0.0,0.0,0.057502,1.0,True
10.0,r2__clipb16__gru512__patience__seed20260904,real,0.000000,0.0,0.0,0.0,0.263252,1.0,True
10.0,r2__clipb16__gru512__patience__seed20260905,real,0.000000,0.0,0.0,0.0,0.078167,1.0,True
10.0,r2__clipb16__gru512__ringel__seed20260903,real,0.000000,1.0,1.0,1.0,0.000000,1.0,True
10.0,r2__clipb16__gru512__ringel__seed20260904,real,0.000000,1.0,1.0,1.0,0.000000,1.0,True
10.0,r2__clipb16__gru512__ringel__seed20260905,real,0.000000,1.0,1.0,1.0,0.000000,1.0,True
10.0,r2__clipb16__gru512__seed20260903,real,0.000000,0.0,0.0,0.0,0.029650,1.0,True
10.0,r2__clipb16__gru512__seed20260904,real,0.000000,0.0,0.0,0.0,0.352201,1.0,True
10.0,r2__clipb16__gru512__seed20260905,real,0.000000,0.0,0.0,0.0,0.056604,1.0,True
10.0,r2__clipb16__gru512__teaser__seed20260903,real,0.000000,0.0,0.0,0.0,0.002695,1.0,True
10.0,r2__clipb16__gru512__teaser__seed20260904,real,0.000000,1.0,1.0,1.0,0.021563,1.0,True
10.0,r2__clipb16__gru512__teaser__seed20260905,real,0.000000,0.0,0.0,0.0,0.005391,1.0,True
10.0,r2__clipb16__mean__seed20260903,real,0.000000,0.0,0.0,0.0,0.007188,1.0,True
10.0,r2__clipb16__mean__seed20260904,real,0.000000,0.0,0.0,0.0,0.007188,1.0,True
10.0,r2__clipb16__mean__seed20260905,real,0.000000,0.0,0.0,0.0,0.015274,1.0,True
10.0,r2__r18__gru128__ringel__seed20260903,real,0.000000,1.0,1.0,1.0,0.000000,1.0,True
10.0,r2__r18__gru128__ringel__seed20260904,real,0.000000,1.0,1.0,1.0,0.000000,1.0,True
10.0,r2__r18__gru128__ringel__seed20260905,real,0.000000,1.0,1.0,1.0,0.000000,1.0,True
10.0,r2__r18__gru128__seed20260903,real,0.000000,1.0,1.0,0.0,0.447439,0.5,True
10.0,r2__r18__gru128__seed20260904,real,0.500000,2.0,1.0,1.0,0.635220,0.25,False
10.0,r2__r18__gru128__seed20260905,real,0.000000,0.0,0.0,0.0,0.267745,1.0,True
10.0,r2__r18__gru128__teaser__seed20260903,real,0.000000,1.0,1.0,1.0,0.037736,1.0,True
10.0,r2__r18__gru128__teaser__seed20260904,real,0.000000,0.0,0.0,0.0,0.002695,1.0,True
10.0,r2__r18__gru128__teaser__seed20260905,real,0.000000,0.0,0.0,0.0,0.006289,1.0,True
10.0,r2__r18__gru512__ema__seed20260903,real,0.000000,0.0,0.0,0.0,0.172507,1.0,True
10.0,r2__r18__gru512__ema__seed20260904,real,0.000000,0.0,0.0,0.0,0.096137,1.0,True
10.0,r2__r18__gru512__ema__seed20260905,real,0.000000,0.0,0.0,0.0,0.296496,1.0,True
10.0,r2__r18__gru512__hysteresis__seed20260903,real,0.000000,0.0,0.0,0.0,0.044025,1.0,True
10.0,r2__r18__gru512__hysteresis__seed20260904,real,0.000000,0.0,0.0,0.0,0.017071,1.0,True
10.0,r2__r18__gru512__hysteresis__seed20260905,real,0.000000,0.0,0.0,0.0,0.023360,1.0,True
10.0,r2__r18__gru512__majority__seed20260903,real,0.000000,0.0,0.0,0.0,0.181491,1.0,True
10.0,r2__r18__gru512__majority__seed20260904,real,0.000000,0.0,0.0,0.0,0.127583,1.0,True
10.0,r2__r18__gru512__majority__seed20260905,real,0.000000,0.0,0.0,0.0,0.376460,1.0,True
10.0,r2__r18__gru512__margin0p1__seed20260903,real,0.000000,0.0,0.0,0.0,0.000000,1.0,True
10.0,r2__r18__gru512__margin0p1__seed20260904,real,0.000000,0.0,0.0,0.0,0.000000,1.0,True
10.0,r2__r18__gru512__margin0p1__seed20260905,real,0.000000,0.0,0.0,0.0,0.002695,1.0,True
10.0,r2__r18__gru512__margin0p2__seed20260903,real,0.000000,0.0,0.0,0.0,0.000000,1.0,True
10.0,r2__r18__gru512__margin0p2__seed20260904,real,0.000000,0.0,0.0,0.0,0.000000,1.0,True
10.0,r2__r18__gru512__margin0p2__seed20260905,real,0.000000,0.0,0.0,0.0,0.009883,1.0,True
10.0,r2__r18__gru512__margin0p4__seed20260903,real,0.000000,0.0,0.0,0.0,0.000898,1.0,True
10.0,r2__r18__gru512__margin0p4__seed20260904,real,0.000000,0.0,0.0,0.0,0.000898,1.0,True
10.0,r2__r18__gru512__margin0p4__seed20260905,real,0.000000,0.0,0.0,0.0,0.012579,1.0,True
10.0,r2__r18__gru512__margin0p6__seed20260903,real,0.000000,0.0,0.0,0.0,0.006289,1.0,True
10.0,r2__r18__gru512__margin0p6__seed20260904,real,0.000000,0.0,0.0,0.0,0.001797,1.0,True
10.0,r2__r18__gru512__margin0p6__seed20260905,real,0.000000,0.0,0.0,0.0,0.005391,1.0,True
10.0,r2__r18__gru512__msp0p5__seed20260903,real,0.000000,0.0,0.0,0.0,0.000898,1.0,True
10.0,r2__r18__gru512__msp0p5__seed20260904,real,0.000000,0.0,0.0,0.0,0.000000,1.0,True
10.0,r2__r18__gru512__msp0p5__seed20260905,real,0.000000,0.0,0.0,0.0,0.010782,1.0,True
10.0,r2__r18__gru512__msp0p6__seed20260903,real,0.000000,0.0,0.0,0.0,0.000000,1.0,True
10.0,r2__r18__gru512__msp0p6__seed20260904,real,0.000000,0.0,0.0,0.0,0.000000,1.0,True
10.0,r2__r18__gru512__msp0p6__seed20260905,real,0.000000,0.0,0.0,0.0,0.011680,1.0,True
10.0,r2__r18__gru512__msp0p7__seed20260903,real,0.000000,0.0,0.0,0.0,0.003594,1.0,True
10.0,r2__r18__gru512__msp0p7__seed20260904,real,0.000000,0.0,0.0,0.0,0.000000,1.0,True
10.0,r2__r18__gru512__msp0p7__seed20260905,real,0.000000,0.0,0.0,0.0,0.003594,1.0,True
10.0,r2__r18__gru512__msp0p8__seed20260903,real,0.000000,0.0,0.0,0.0,0.003594,1.0,True
10.0,r2__r18__gru512__msp0p8__seed20260904,real,0.000000,0.0,0.0,0.0,0.000898,1.0,True
10.0,r2__r18__gru512__msp0p8__seed20260905,real,0.000000,0.0,0.0,0.0,0.002695,1.0,True
10.0,r2__r18__gru512__msp0p9__seed20260903,real,0.000000,0.0,0.0,0.0,0.010782,1.0,True
10.0,r2__r18__gru512__msp0p9__seed20260904,real,0.000000,0.0,0.0,0.0,0.002695,1.0,True
10.0,r2__r18__gru512__msp0p9__seed20260905,real,0.000000,0.0,0.0,0.0,0.001797,1.0,True
10.0,r2__r18__gru512__patience__seed20260903,real,0.000000,0.0,0.0,0.0,0.155436,1.0,True
10.0,r2__r18__gru512__patience__seed20260904,real,0.000000,0.0,0.0,0.0,0.110512,1.0,True
10.0,r2__r18__gru512__patience__seed20260905,real,0.000000,0.0,0.0,0.0,0.415993,1.0,True
10.0,r2__r18__gru512__ringel__seed20260903,real,0.000000,1.0,1.0,1.0,0.000000,1.0,True
10.0,r2__r18__gru512__ringel__seed20260904,real,0.000000,1.0,1.0,1.0,0.000000,1.0,True
10.0,r2__r18__gru512__ringel__seed20260905,real,0.000000,1.0,1.0,1.0,0.000000,1.0,True
10.0,r2__r18__gru512__seed20260903,real,0.000000,0.0,0.0,0.0,0.181491,1.0,True
10.0,r2__r18__gru512__seed20260904,real,0.000000,0.0,0.0,0.0,0.127583,1.0,True
10.0,r2__r18__gru512__seed20260905,real,0.000000,1.0,1.0,0.0,0.362983,0.5,True
10.0,r2__r18__gru512__teaser__seed20260903,real,0.000000,0.0,0.0,0.0,0.008985,1.0,True
10.0,r2__r18__gru512__teaser__seed20260904,real,0.000000,0.0,0.0,0.0,0.003594,1.0,True
10.0,r2__r18__gru512__teaser__seed20260905,real,0.000000,0.0,0.0,0.0,0.000000,1.0,True
10.0,r2__r18__mean__seed20260903,real,0.000000,0.0,0.0,0.0,0.014376,1.0,True
10.0,r2__r18__mean__seed20260904,real,0.000000,0.0,0.0,0.0,0.009883,1.0,True
10.0,r2__r18__mean__seed20260905,real,0.000000,0.0,0.0,0.0,0.024259,1.0,True
10.0,trivial__constbot,trivial,0.000000,0.0,0.0,0.0,0.000000,1.0,True
10.0,trivial__majority,trivial,0.000000,0.0,0.0,0.0,0.000000,1.0,True
10.0,trivial__oracle,trivial,0.000000,0.0,0.0,0.0,0.000000,1.0,True
10.0,trivial__random,trivial,0.500000,32.0,16.0,8.0,16.011680,0.25,False
21.5,block__frac__c-0.6,block,0.000000,1.0,1.0,1.0,0.000000,1.0,True
21.5,block__lock__commit-3_d0-3,block,0.000000,1.0,1.0,1.0,0.000000,1.0,True
21.5,block__lock__d0-1,block,0.000000,1.0,1.0,1.0,0.000000,1.0,True
21.5,block__lock__d0-18,block,0.000000,1.0,1.0,1.0,0.000000,1.0,True
21.5,block__lock__d0-3,block,0.000000,1.0,1.0,1.0,0.000000,1.0,True
21.5,block__lock__d0-8,block,0.000000,1.0,1.0,1.0,0.000000,1.0,True
21.5,block__oracle__default,block,0.000000,0.0,0.0,0.0,0.000000,1.0,True
21.5,block__osc__d0-15_p-2,block,0.000000,7.0,7.0,7.0,0.000000,1.0,True
21.5,block__osc__d0-4_p-1,block,0.000000,3.0,3.0,3.0,0.000000,1.0,True
21.5,block__osc__d0-6_p-0.5,block,0.000000,11.0,11.0,1.0,0.000000,0.5,True
21.5,block__rand__eta-0.5,block,0.491525,59.0,30.0,15.0,29.442049,0.25,False
21.5,block__rand__eta-0.9,block,0.500000,16.0,8.0,4.0,8.130728,0.25,False
21.5,clip__r18mean__seed20260903,real,0.000000,0.0,0.0,0.0,0.013477,1.0,True
21.5,clip__r18mean__seed20260904,real,0.000000,0.0,0.0,0.0,0.017520,1.0,True
21.5,clip__r18mean__seed20260905,real,0.000000,0.0,0.0,0.0,0.020216,1.0,True
21.5,commit__margin0p1__prefix__gru512__seed20260903,real,0.000000,0.0,0.0,0.0,0.000000,1.0,True
21.5,commit__margin0p1__prefix__gru512__seed20260904,real,0.000000,0.0,0.0,0.0,0.000000,1.0,True
21.5,commit__margin0p1__prefix__gru512__seed20260905,real,0.000000,0.0,0.0,0.0,0.000000,1.0,True
21.5,commit__margin0p2__prefix__gru512__seed20260903,real,0.000000,0.0,0.0,0.0,0.004043,1.0,True
21.5,commit__margin0p2__prefix__gru512__seed20260904,real,0.000000,0.0,0.0,0.0,0.009434,1.0,True
21.5,commit__margin0p2__prefix__gru512__seed20260905,real,0.000000,0.0,0.0,0.0,0.000000,1.0,True
21.5,commit__margin0p4__prefix__gru512__seed20260903,real,0.000000,0.0,0.0,0.0,0.014825,1.0,True
21.5,commit__margin0p4__prefix__gru512__seed20260904,real,0.000000,0.0,0.0,0.0,0.021563,1.0,True
21.5,commit__margin0p4__prefix__gru512__seed20260905,real,0.000000,0.0,0.0,0.0,0.004043,1.0,True
21.5,commit__margin0p6__prefix__gru512__seed20260903,real,0.000000,0.0,0.0,0.0,0.010782,1.0,True
21.5,commit__margin0p6__prefix__gru512__seed20260904,real,0.000000,0.0,0.0,0.0,0.004043,1.0,True
21.5,commit__margin0p6__prefix__gru512__seed20260905,real,0.000000,0.0,0.0,0.0,0.004043,1.0,True
21.5,commit__msp0p5__prefix__gru512__seed20260903,real,0.000000,0.0,0.0,0.0,0.013477,1.0,True
21.5,commit__msp0p5__prefix__gru512__seed20260904,real,0.000000,0.0,0.0,0.0,0.009434,1.0,True
21.5,commit__msp0p5__prefix__gru512__seed20260905,real,0.000000,0.0,0.0,0.0,0.002695,1.0,True
21.5,commit__msp0p6__prefix__gru512__seed20260903,real,0.000000,0.0,0.0,0.0,0.009434,1.0,True
21.5,commit__msp0p6__prefix__gru512__seed20260904,real,0.000000,0.0,0.0,0.0,0.013477,1.0,True
21.5,commit__msp0p6__prefix__gru512__seed20260905,real,0.000000,0.0,0.0,0.0,0.002695,1.0,True
21.5,commit__msp0p7__prefix__gru512__seed20260903,real,0.000000,0.0,0.0,0.0,0.010782,1.0,True
21.5,commit__msp0p7__prefix__gru512__seed20260904,real,0.000000,0.0,0.0,0.0,0.010782,1.0,True
21.5,commit__msp0p7__prefix__gru512__seed20260905,real,0.000000,0.0,0.0,0.0,0.009434,1.0,True
21.5,commit__msp0p8__prefix__gru512__seed20260903,real,0.000000,0.0,0.0,0.0,0.013477,1.0,True
21.5,commit__msp0p8__prefix__gru512__seed20260904,real,0.000000,0.0,0.0,0.0,0.009434,1.0,True
21.5,commit__msp0p8__prefix__gru512__seed20260905,real,0.000000,0.0,0.0,0.0,0.005391,1.0,True
21.5,commit__msp0p9__prefix__gru512__seed20260903,real,0.000000,0.0,0.0,0.0,0.002695,1.0,True
21.5,commit__msp0p9__prefix__gru512__seed20260904,real,0.000000,0.0,0.0,0.0,0.005391,1.0,True
21.5,commit__msp0p9__prefix__gru512__seed20260905,real,0.000000,0.0,0.0,0.0,0.013477,1.0,True
21.5,postproc__ema0p2__prefix__gru512__seed20260904,real,0.000000,0.0,0.0,0.0,0.541779,1.0,True
21.5,postproc__ema0p2__prefix__gru512__seed20260905,real,0.000000,0.0,0.0,0.0,0.423181,1.0,True
21.5,postproc__ema0p7__prefix__gru512__seed20260903,real,0.000000,2.0,2.0,1.0,0.851752,0.5,True
21.5,postproc__hysteresis0p05__prefix__gru512__seed20260904,real,1.000000,1.0,0.0,0.0,0.247978,0.25,False
21.5,postproc__hysteresis0p05__prefix__gru512__seed20260905,real,0.000000,1.0,1.0,1.0,0.245283,1.0,True
21.5,postproc__hysteresis0p2__prefix__gru512__seed20260903,real,0.000000,0.0,0.0,0.0,0.070081,1.0,True
21.5,postproc__majority2__prefix__gru512__seed20260903,real,0.333333,3.0,2.0,2.0,0.846361,0.25,False
21.5,postproc__majority2__prefix__gru512__seed20260904,real,0.000000,2.0,2.0,1.0,0.729111,0.5,True
21.5,postproc__majority9__prefix__gru512__seed20260905,real,0.000000,0.0,0.0,0.0,0.469003,1.0,True
21.5,postproc__patience2__prefix__gru512__seed20260903,real,0.500000,2.0,1.0,1.0,1.041779,0.25,False
21.5,postproc__patience2__prefix__gru512__seed20260904,real,0.500000,2.0,1.0,0.0,0.858491,0.25,False
21.5,postproc__patience6__prefix__gru512__seed20260905,real,0.000000,0.0,0.0,0.0,0.447439,1.0,True
21.5,prefix__gru128__seed20260903,real,0.000000,2.0,2.0,2.0,0.963612,1.0,True
21.5,prefix__gru128__seed20260904,real,0.000000,2.0,2.0,1.0,1.040431,0.5,True
21.5,prefix__gru128__seed20260905,real,0.000000,2.0,2.0,1.0,1.022911,0.5,True
21.5,prefix__gru512__seed20260903,real,0.333333,3.0,2.0,2.0,0.846361,0.25,False
21.5,prefix__gru512__seed20260904,real,0.000000,2.0,2.0,1.0,0.729111,0.5,True
21.5,prefix__gru512__seed20260905,real,0.000000,2.0,2.0,1.0,0.632075,0.5,True
21.5,r2__clipb16__gru128__ringel__seed20260903,real,0.000000,1.0,1.0,1.0,0.000000,1.0,True
21.5,r2__clipb16__gru128__ringel__seed20260904,real,0.000000,1.0,1.0,1.0,0.000000,1.0,True
21.5,r2__clipb16__gru128__ringel__seed20260905,real,0.000000,1.0,1.0,1.0,0.000000,1.0,True
21.5,r2__clipb16__gru128__seed20260903,real,0.000000,0.0,0.0,0.0,0.671159,1.0,True
21.5,r2__clipb16__gru128__seed20260904,real,0.000000,0.0,0.0,0.0,0.850404,1.0,True
21.5,r2__clipb16__gru128__seed20260905,real,0.000000,0.0,0.0,0.0,0.634771,1.0,True
21.5,r2__clipb16__gru128__teaser__seed20260903,real,0.000000,0.0,0.0,0.0,0.004043,1.0,True
21.5,r2__clipb16__gru128__teaser__seed20260904,real,0.000000,1.0,1.0,1.0,0.016173,1.0,True
21.5,r2__clipb16__gru128__teaser__seed20260905,real,0.000000,1.0,1.0,1.0,0.039084,1.0,True
21.5,r2__clipb16__gru512__ema__seed20260903,real,0.000000,0.0,0.0,0.0,0.091644,1.0,True
21.5,r2__clipb16__gru512__ema__seed20260904,real,0.000000,0.0,0.0,0.0,0.415094,1.0,True
21.5,r2__clipb16__gru512__ema__seed20260905,real,0.000000,0.0,0.0,0.0,0.181941,1.0,True
21.5,r2__clipb16__gru512__hysteresis__seed20260903,real,0.000000,0.0,0.0,0.0,0.012129,1.0,True
21.5,r2__clipb16__gru512__hysteresis__seed20260904,real,0.000000,0.0,0.0,0.0,0.029650,1.0,True
21.5,r2__clipb16__gru512__hysteresis__seed20260905,real,0.000000,0.0,0.0,0.0,0.017520,1.0,True
21.5,r2__clipb16__gru512__majority__seed20260903,real,0.000000,0.0,0.0,0.0,0.136119,1.0,True
21.5,r2__clipb16__gru512__majority__seed20260904,real,0.000000,0.0,0.0,0.0,0.462264,1.0,True
21.5,r2__clipb16__gru512__majority__seed20260905,real,0.000000,0.0,0.0,0.0,0.140162,1.0,True
21.5,r2__clipb16__gru512__margin0p1__seed20260903,real,0.000000,0.0,0.0,0.0,0.000000,1.0,True
21.5,r2__clipb16__gru512__margin0p1__seed20260904,real,0.000000,0.0,0.0,0.0,0.002695,1.0,True
21.5,r2__clipb16__gru512__margin0p1__seed20260905,real,0.000000,0.0,0.0,0.0,0.000000,1.0,True
21.5,r2__clipb16__gru512__margin0p2__seed20260903,real,0.000000,0.0,0.0,0.0,0.000000,1.0,True
21.5,r2__clipb16__gru512__margin0p2__seed20260904,real,0.000000,0.0,0.0,0.0,0.016173,1.0,True
21.5,r2__clipb16__gru512__margin0p2__seed20260905,real,0.000000,0.0,0.0,0.0,0.000000,1.0,True
21.5,r2__clipb16__gru512__margin0p4__seed20260903,real,0.000000,0.0,0.0,0.0,0.000000,1.0,True
21.5,r2__clipb16__gru512__margin0p4__seed20260904,real,0.000000,0.0,0.0,0.0,0.008086,1.0,True
21.5,r2__clipb16__gru512__margin0p4__seed20260905,real,0.000000,0.0,0.0,0.0,0.002695,1.0,True
21.5,r2__clipb16__gru512__margin0p6__seed20260903,real,0.000000,0.0,0.0,0.0,0.000000,1.0,True
21.5,r2__clipb16__gru512__margin0p6__seed20260904,real,0.000000,0.0,0.0,0.0,0.002695,1.0,True
21.5,r2__clipb16__gru512__margin0p6__seed20260905,real,0.000000,0.0,0.0,0.0,0.002695,1.0,True
21.5,r2__clipb16__gru512__msp0p5__seed20260903,real,0.000000,0.0,0.0,0.0,0.000000,1.0,True
21.5,r2__clipb16__gru512__msp0p5__seed20260904,real,0.000000,0.0,0.0,0.0,0.012129,1.0,True
21.5,r2__clipb16__gru512__msp0p5__seed20260905,real,0.000000,0.0,0.0,0.0,0.000000,1.0,True
21.5,r2__clipb16__gru512__msp0p6__seed20260903,real,0.000000,0.0,0.0,0.0,0.000000,1.0,True
21.5,r2__clipb16__gru512__msp0p6__seed20260904,real,0.000000,0.0,0.0,0.0,0.008086,1.0,True
21.5,r2__clipb16__gru512__msp0p6__seed20260905,real,0.000000,0.0,0.0,0.0,0.000000,1.0,True
21.5,r2__clipb16__gru512__msp0p7__seed20260903,real,0.000000,0.0,0.0,0.0,0.000000,1.0,True
21.5,r2__clipb16__gru512__msp0p7__seed20260904,real,0.000000,0.0,0.0,0.0,0.002695,1.0,True
21.5,r2__clipb16__gru512__msp0p7__seed20260905,real,0.000000,0.0,0.0,0.0,0.002695,1.0,True
21.5,r2__clipb16__gru512__msp0p8__seed20260903,real,0.000000,0.0,0.0,0.0,0.001348,1.0,True
21.5,r2__clipb16__gru512__msp0p8__seed20260904,real,0.000000,0.0,0.0,0.0,0.002695,1.0,True
21.5,r2__clipb16__gru512__msp0p8__seed20260905,real,0.000000,0.0,0.0,0.0,0.001348,1.0,True
21.5,r2__clipb16__gru512__msp0p9__seed20260903,real,0.000000,0.0,0.0,0.0,0.000000,1.0,True
21.5,r2__clipb16__gru512__msp0p9__seed20260904,real,0.000000,0.0,0.0,0.0,0.000000,1.0,True
21.5,r2__clipb16__gru512__msp0p9__seed20260905,real,0.000000,0.0,0.0,0.0,0.002695,1.0,True
21.5,r2__clipb16__gru512__patience__seed20260903,real,0.000000,0.0,0.0,0.0,0.123989,1.0,True
21.5,r2__clipb16__gru512__patience__seed20260904,real,0.000000,0.0,0.0,0.0,0.553908,1.0,True
21.5,r2__clipb16__gru512__patience__seed20260905,real,0.000000,0.0,0.0,0.0,0.194070,1.0,True
21.5,r2__clipb16__gru512__ringel__seed20260903,real,0.000000,1.0,1.0,1.0,0.000000,1.0,True
21.5,r2__clipb16__gru512__ringel__seed20260904,real,0.000000,1.0,1.0,1.0,0.000000,1.0,True
21.5,r2__clipb16__gru512__ringel__seed20260905,real,0.000000,1.0,1.0,1.0,0.000000,1.0,True
21.5,r2__clipb16__gru512__seed20260903,real,0.000000,0.0,0.0,0.0,0.053908,1.0,True
21.5,r2__clipb16__gru512__seed20260904,real,0.000000,0.0,0.0,0.0,0.722372,1.0,True
21.5,r2__clipb16__gru512__seed20260905,real,0.000000,0.0,0.0,0.0,0.140162,1.0,True
21.5,r2__clipb16__gru512__teaser__seed20260903,real,0.000000,0.0,0.0,0.0,0.001348,1.0,True
21.5,r2__clipb16__gru512__teaser__seed20260904,real,0.000000,1.0,1.0,1.0,0.009434,1.0,True
21.5,r2__clipb16__gru512__teaser__seed20260905,real,0.000000,0.0,0.0,0.0,0.005391,1.0,True
21.5,r2__clipb16__mean__seed20260903,real,0.000000,0.0,0.0,0.0,0.008086,1.0,True
21.5,r2__clipb16__mean__seed20260904,real,0.000000,0.0,0.0,0.0,0.008086,1.0,True
21.5,r2__clipb16__mean__seed20260905,real,0.000000,0.0,0.0,0.0,0.022911,1.0,True
21.5,r2__r18__gru128__ringel__seed20260903,real,0.000000,1.0,1.0,1.0,0.000000,1.0,True
21.5,r2__r18__gru128__ringel__seed20260904,real,0.000000,1.0,1.0,1.0,0.000000,1.0,True
21.5,r2__r18__gru128__ringel__seed20260905,real,0.000000,1.0,1.0,1.0,0.000000,1.0,True
21.5,r2__r18__gru128__seed20260903,real,0.333333,3.0,2.0,2.0,0.877358,0.25,False
21.5,r2__r18__gru128__seed20260904,real,0.250000,4.0,3.0,2.0,1.363881,0.25,False
21.5,r2__r18__gru128__seed20260905,real,0.000000,2.0,2.0,1.0,0.539084,0.5,True
21.5,r2__r18__gru128__teaser__seed20260903,real,0.000000,1.0,1.0,1.0,0.024259,1.0,True
21.5,r2__r18__gru128__teaser__seed20260904,real,0.000000,0.0,0.0,0.0,0.000000,1.0,True
21.5,r2__r18__gru128__teaser__seed20260905,real,0.000000,0.0,0.0,0.0,0.004043,1.0,True
21.5,r2__r18__gru512__ema__seed20260903,real,0.000000,0.0,0.0,0.0,0.327493,1.0,True
21.5,r2__r18__gru512__ema__seed20260904,real,0.000000,0.0,0.0,0.0,0.233154,1.0,True
21.5,r2__r18__gru512__ema__seed20260905,real,1.000000,1.0,0.0,0.0,0.630728,0.25,False
21.5,r2__r18__gru512__hysteresis__seed20260903,real,0.000000,0.0,0.0,0.0,0.079515,1.0,True
21.5,r2__r18__gru512__hysteresis__seed20260904,real,0.000000,0.0,0.0,0.0,0.035040,1.0,True
21.5,r2__r18__gru512__hysteresis__seed20260905,real,0.000000,0.0,0.0,0.0,0.048518,1.0,True
21.5,r2__r18__gru512__majority__seed20260903,real,0.000000,1.0,1.0,0.0,0.323450,0.5,True
21.5,r2__r18__gru512__majority__seed20260904,real,0.000000,0.0,0.0,0.0,0.274933,1.0,True
21.5,r2__r18__gru512__majority__seed20260905,real,0.500000,2.0,1.0,0.0,0.780323,0.25,False
21.5,r2__r18__gru512__margin0p1__seed20260903,real,0.000000,0.0,0.0,0.0,0.000000,1.0,True
21.5,r2__r18__gru512__margin0p1__seed20260904,real,0.000000,0.0,0.0,0.0,0.000000,1.0,True
21.5,r2__r18__gru512__margin0p1__seed20260905,real,0.000000,0.0,0.0,0.0,0.000000,1.0,True
21.5,r2__r18__gru512__margin0p2__seed20260903,real,0.000000,0.0,0.0,0.0,0.000000,1.0,True
21.5,r2__r18__gru512__margin0p2__seed20260904,real,0.000000,0.0,0.0,0.0,0.000000,1.0,True
21.5,r2__r18__gru512__margin0p2__seed20260905,real,0.000000,0.0,0.0,0.0,0.004043,1.0,True
21.5,r2__r18__gru512__margin0p4__seed20260903,real,0.000000,0.0,0.0,0.0,0.001348,1.0,True
21.5,r2__r18__gru512__margin0p4__seed20260904,real,0.000000,0.0,0.0,0.0,0.000000,1.0,True
21.5,r2__r18__gru512__margin0p4__seed20260905,real,0.000000,0.0,0.0,0.0,0.012129,1.0,True
21.5,r2__r18__gru512__margin0p6__seed20260903,real,0.000000,0.0,0.0,0.0,0.001348,1.0,True
21.5,r2__r18__gru512__margin0p6__seed20260904,real,0.000000,0.0,0.0,0.0,0.000000,1.0,True
21.5,r2__r18__gru512__margin0p6__seed20260905,real,0.000000,0.0,0.0,0.0,0.008086,1.0,True
21.5,r2__r18__gru512__msp0p5__seed20260903,real,0.000000,0.0,0.0,0.0,0.000000,1.0,True
21.5,r2__r18__gru512__msp0p5__seed20260904,real,0.000000,0.0,0.0,0.0,0.000000,1.0,True
21.5,r2__r18__gru512__msp0p5__seed20260905,real,0.000000,0.0,0.0,0.0,0.012129,1.0,True
21.5,r2__r18__gru512__msp0p6__seed20260903,real,0.000000,0.0,0.0,0.0,0.000000,1.0,True
21.5,r2__r18__gru512__msp0p6__seed20260904,real,0.000000,0.0,0.0,0.0,0.000000,1.0,True
21.5,r2__r18__gru512__msp0p6__seed20260905,real,0.000000,0.0,0.0,0.0,0.012129,1.0,True
21.5,r2__r18__gru512__msp0p7__seed20260903,real,0.000000,0.0,0.0,0.0,0.000000,1.0,True
21.5,r2__r18__gru512__msp0p7__seed20260904,real,0.000000,0.0,0.0,0.0,0.000000,1.0,True
21.5,r2__r18__gru512__msp0p7__seed20260905,real,0.000000,0.0,0.0,0.0,0.009434,1.0,True
21.5,r2__r18__gru512__msp0p8__seed20260903,real,0.000000,0.0,0.0,0.0,0.001348,1.0,True
21.5,r2__r18__gru512__msp0p8__seed20260904,real,0.000000,0.0,0.0,0.0,0.000000,1.0,True
21.5,r2__r18__gru512__msp0p8__seed20260905,real,0.000000,0.0,0.0,0.0,0.002695,1.0,True
21.5,r2__r18__gru512__msp0p9__seed20260903,real,0.000000,0.0,0.0,0.0,0.009434,1.0,True
21.5,r2__r18__gru512__msp0p9__seed20260904,real,0.000000,0.0,0.0,0.0,0.001348,1.0,True
21.5,r2__r18__gru512__msp0p9__seed20260905,real,0.000000,0.0,0.0,0.0,0.000000,1.0,True
21.5,r2__r18__gru512__patience__seed20260903,real,0.000000,0.0,0.0,0.0,0.357143,1.0,True
21.5,r2__r18__gru512__patience__seed20260904,real,0.000000,0.0,0.0,0.0,0.203504,1.0,True
21.5,r2__r18__gru512__patience__seed20260905,real,1.000000,1.0,0.0,0.0,0.785714,0.25,False
21.5,r2__r18__gru512__ringel__seed20260903,real,0.000000,1.0,1.0,1.0,0.000000,1.0,True
21.5,r2__r18__gru512__ringel__seed20260904,real,0.000000,1.0,1.0,1.0,0.000000,1.0,True
21.5,r2__r18__gru512__ringel__seed20260905,real,0.000000,1.0,1.0,1.0,0.000000,1.0,True
21.5,r2__r18__gru512__seed20260903,real,0.000000,1.0,1.0,0.0,0.323450,0.5,True
21.5,r2__r18__gru512__seed20260904,real,0.000000,0.0,0.0,0.0,0.274933,1.0,True
21.5,r2__r18__gru512__seed20260905,real,0.333333,3.0,2.0,2.0,0.768194,0.25,False
21.5,r2__r18__gru512__teaser__seed20260903,real,0.000000,0.0,0.0,0.0,0.002695,1.0,True
21.5,r2__r18__gru512__teaser__seed20260904,real,0.000000,0.0,0.0,0.0,0.006739,1.0,True
21.5,r2__r18__gru512__teaser__seed20260905,real,0.000000,0.0,0.0,0.0,0.000000,1.0,True
21.5,r2__r18__mean__seed20260903,real,0.000000,0.0,0.0,0.0,0.024259,1.0,True
21.5,r2__r18__mean__seed20260904,real,0.000000,0.0,0.0,0.0,0.014825,1.0,True
21.5,r2__r18__mean__seed20260905,real,0.000000,0.0,0.0,0.0,0.024259,1.0,True
21.5,trivial__constbot,trivial,0.000000,0.0,0.0,0.0,0.000000,1.0,True
21.5,trivial__majority,trivial,0.000000,0.0,0.0,0.0,0.000000,1.0,True
21.5,trivial__oracle,trivial,0.000000,0.0,0.0,0.0,0.000000,1.0,True
21.5,trivial__random,trivial,0.492754,69.0,35.0,17.0,34.218329,0.25,False
