H,Metric,Axis,Block family,Pearson,Spearman,Sign agreement,Active sign agreement,Both-zero points
4.0,RMSCD@H,eps_sys_s,all_blocks,0.910550,0.750000,0.666667,0.666667,0
4.0,RMSCD@H,eps_sys_s,frac,0.994999,1.000000,1.000000,1.000000,0
4.0,RMSCD@H,eps_sys_s,lock,0.975899,0.981981,0.833333,0.833333,0
4.0,RMSCD@H,eps_sys_s,oracle,n/a,n/a,0.000000,0.000000,0
4.0,RMSCD@H,eps_sys_s,osc,-0.059569,-0.145479,0.333333,0.333333,0
4.0,RMSCD@H,eps_sys_s,rand,-0.003130,0.107143,0.333333,0.333333,0
4.0,RMSCD@H,eps_jit_sd_s,all_blocks,0.355099,0.400000,1.000000,1.000000,0
4.0,RMSCD@H,eps_jit_sd_s,frac,-0.857776,-0.800000,0.000000,0.000000,0
4.0,RMSCD@H,eps_jit_sd_s,lock,-0.629612,-0.400000,0.000000,0.000000,0
4.0,RMSCD@H,eps_jit_sd_s,oracle,n/a,n/a,0.000000,0.000000,0
4.0,RMSCD@H,eps_jit_sd_s,osc,0.514710,0.400000,1.000000,1.000000,0
4.0,RMSCD@H,eps_jit_sd_s,rand,0.689217,0.800000,0.666667,0.666667,0
4.0,RMSCD@H,delta_s,all_blocks,-0.993125,-1.000000,0.000000,0.000000,0
4.0,RMSCD@H,delta_s,frac,0.936038,1.000000,1.000000,1.000000,0
4.0,RMSCD@H,delta_s,lock,-0.999912,-1.000000,0.000000,0.000000,0
4.0,RMSCD@H,delta_s,oracle,n/a,n/a,0.000000,0.000000,0
4.0,RMSCD@H,delta_s,osc,-0.999912,-1.000000,0.000000,0.000000,0
4.0,RMSCD@H,delta_s,rand,-0.977953,-1.000000,0.000000,0.000000,0
4.0,RMSCD@H,h_s,all_blocks,0.993574,1.000000,1.000000,1.000000,0
4.0,RMSCD@H,h_s,frac,0.975014,1.000000,1.000000,1.000000,0
4.0,RMSCD@H,h_s,lock,0.974300,1.000000,1.000000,1.000000,0
4.0,RMSCD@H,h_s,oracle,n/a,n/a,0.000000,0.000000,0
4.0,RMSCD@H,h_s,osc,0.950021,1.000000,1.000000,1.000000,0
4.0,RMSCD@H,h_s,rand,0.999057,1.000000,1.000000,1.000000,0
4.0,S_H@1,eps_sys_s,all_blocks,0.714431,0.892857,0.833333,0.833333,0
4.0,S_H@1,eps_sys_s,frac,0.876250,0.892857,0.833333,0.833333,0
4.0,S_H@1,eps_sys_s,lock,0.708458,0.577350,0.333333,0.333333,0
4.0,S_H@1,eps_sys_s,oracle,n/a,n/a,0.000000,0.000000,0
4.0,S_H@1,eps_sys_s,osc,n/a,n/a,0.000000,0.000000,0
4.0,S_H@1,eps_sys_s,rand,-0.029263,0.428571,0.666667,0.666667,0
4.0,S_H@1,eps_jit_sd_s,all_blocks,0.559894,0.400000,0.333333,0.333333,0
4.0,S_H@1,eps_jit_sd_s,frac,-0.368383,-0.737865,0.333333,0.333333,0
4.0,S_H@1,eps_jit_sd_s,lock,0.540492,0.400000,0.333333,0.333333,0
4.0,S_H@1,eps_jit_sd_s,oracle,n/a,n/a,0.000000,0.000000,0
4.0,S_H@1,eps_jit_sd_s,osc,n/a,n/a,0.000000,0.000000,0
4.0,S_H@1,eps_jit_sd_s,rand,0.979620,0.800000,1.000000,1.000000,0
4.0,S_H@1,delta_s,all_blocks,-0.875076,-0.500000,0.500000,0.500000,0
4.0,S_H@1,delta_s,frac,n/a,n/a,0.000000,0.000000,0
4.0,S_H@1,delta_s,lock,n/a,n/a,0.000000,0.000000,0
4.0,S_H@1,delta_s,oracle,n/a,n/a,0.000000,0.000000,0
4.0,S_H@1,delta_s,osc,n/a,n/a,0.000000,0.000000,0
4.0,S_H@1,delta_s,rand,-0.875076,-0.500000,0.500000,0.500000,0
4.0,S_H@1,h_s,all_blocks,0.985692,1.000000,1.000000,1.000000,0
4.0,S_H@1,h_s,frac,0.989567,1.000000,1.000000,1.000000,0
4.0,S_H@1,h_s,lock,n/a,n/a,0.000000,0.000000,0
4.0,S_H@1,h_s,oracle,n/a,n/a,0.000000,0.000000,0
4.0,S_H@1,h_s,osc,n/a,n/a,0.000000,0.000000,0
4.0,S_H@1,h_s,rand,0.985191,1.000000,1.000000,1.000000,0
4.0,S_H@3,eps_sys_s,all_blocks,0.448009,0.642857,0.500000,0.500000,0
4.0,S_H@3,eps_sys_s,frac,0.747185,0.678571,0.500000,0.500000,0
4.0,S_H@3,eps_sys_s,lock,0.438059,0.433013,0.333333,0.333333,0
4.0,S_H@3,eps_sys_s,oracle,n/a,n/a,0.000000,0.000000,0
4.0,S_H@3,eps_sys_s,osc,n/a,n/a,0.000000,0.000000,0
4.0,S_H@3,eps_sys_s,rand,0.715252,0.714286,0.666667,0.666667,0
4.0,S_H@3,eps_jit_sd_s,all_blocks,-0.693713,-0.800000,0.000000,0.000000,0
4.0,S_H@3,eps_jit_sd_s,frac,-0.538433,-0.400000,0.000000,0.000000,0
4.0,S_H@3,eps_jit_sd_s,lock,-0.708848,-0.800000,0.000000,0.000000,0
4.0,S_H@3,eps_jit_sd_s,oracle,n/a,n/a,0.000000,0.000000,0
4.0,S_H@3,eps_jit_sd_s,osc,-0.042960,-0.105409,0.000000,0.000000,0
4.0,S_H@3,eps_jit_sd_s,rand,0.451523,0.200000,0.333333,0.333333,0
4.0,S_H@3,delta_s,all_blocks,-0.962762,-1.000000,0.000000,0.000000,0
4.0,S_H@3,delta_s,frac,n/a,n/a,0.000000,0.000000,0
4.0,S_H@3,delta_s,lock,n/a,n/a,0.000000,0.000000,0
4.0,S_H@3,delta_s,oracle,n/a,n/a,0.000000,0.000000,0
4.0,S_H@3,delta_s,osc,n/a,n/a,0.000000,0.000000,0
4.0,S_H@3,delta_s,rand,-0.962762,-1.000000,0.000000,0.000000,0
4.0,S_H@3,h_s,all_blocks,0.992886,1.000000,1.000000,1.000000,0
4.0,S_H@3,h_s,frac,0.996867,1.000000,1.000000,1.000000,0
4.0,S_H@3,h_s,lock,n/a,n/a,0.000000,0.000000,0
4.0,S_H@3,h_s,oracle,n/a,n/a,0.000000,0.000000,0
4.0,S_H@3,h_s,osc,n/a,n/a,0.000000,0.000000,0
4.0,S_H@3,h_s,rand,0.991958,1.000000,1.000000,1.000000,0
4.0,end_window_macro_acc,eps_sys_s,all_blocks,-0.419596,-0.178571,0.666667,0.666667,0
4.0,end_window_macro_acc,eps_sys_s,frac,0.940174,0.964286,1.000000,1.000000,0
4.0,end_window_macro_acc,eps_sys_s,lock,n/a,n/a,0.000000,0.000000,0
4.0,end_window_macro_acc,eps_sys_s,oracle,n/a,n/a,0.000000,0.000000,0
4.0,end_window_macro_acc,eps_sys_s,osc,-0.429072,-0.299392,0.333333,0.333333,0
4.0,end_window_macro_acc,eps_sys_s,rand,0.053202,-0.214286,0.500000,0.500000,0
4.0,end_window_macro_acc,eps_jit_sd_s,all_blocks,0.682774,0.400000,1.000000,1.000000,0
4.0,end_window_macro_acc,eps_jit_sd_s,frac,-0.882214,-0.800000,0.000000,0.000000,0
4.0,end_window_macro_acc,eps_jit_sd_s,lock,-0.239643,0.258199,0.000000,0.000000,0
4.0,end_window_macro_acc,eps_jit_sd_s,oracle,n/a,n/a,0.000000,0.000000,0
4.0,end_window_macro_acc,eps_jit_sd_s,osc,0.688898,0.400000,1.000000,1.000000,0
4.0,end_window_macro_acc,eps_jit_sd_s,rand,-0.063419,-0.800000,0.333333,0.333333,0
4.0,end_window_macro_acc,delta_s,all_blocks,n/a,n/a,0.000000,0.000000,0
4.0,end_window_macro_acc,delta_s,frac,n/a,n/a,0.000000,0.000000,0
4.0,end_window_macro_acc,delta_s,lock,n/a,n/a,0.000000,0.000000,0
4.0,end_window_macro_acc,delta_s,oracle,n/a,n/a,0.000000,0.000000,0
4.0,end_window_macro_acc,delta_s,osc,n/a,n/a,0.000000,0.000000,0
4.0,end_window_macro_acc,delta_s,rand,n/a,n/a,0.000000,0.000000,0
4.0,end_window_macro_acc,h_s,all_blocks,0.999278,1.000000,1.000000,1.000000,0
4.0,end_window_macro_acc,h_s,frac,0.866651,1.000000,1.000000,1.000000,0
4.0,end_window_macro_acc,h_s,lock,0.989005,1.000000,1.000000,1.000000,0
4.0,end_window_macro_acc,h_s,oracle,n/a,n/a,0.000000,0.000000,0
4.0,end_window_macro_acc,h_s,osc,0.930444,0.866025,1.000000,1.000000,0
4.0,end_window_macro_acc,h_s,rand,-0.025693,-0.500000,0.500000,0.500000,0
4.0,median_flips,eps_sys_s,all_blocks,0.588227,0.840673,0.666667,0.600000,1
4.0,median_flips,eps_sys_s,frac,n/a,n/a,0.333333,0.000000,2
4.0,median_flips,eps_sys_s,lock,0.306092,0.635489,0.500000,0.250000,2
4.0,median_flips,eps_sys_s,oracle,n/a,n/a,0.333333,0.000000,2
4.0,median_flips,eps_sys_s,osc,0.678832,0.840673,0.666667,0.600000,1
4.0,median_flips,eps_sys_s,rand,n/a,n/a,0.333333,0.000000,2
4.0,median_flips,eps_jit_sd_s,all_blocks,n/a,n/a,0.666667,0.000000,2
4.0,median_flips,eps_jit_sd_s,frac,n/a,n/a,1.000000,n/a,3
4.0,median_flips,eps_jit_sd_s,lock,n/a,n/a,1.000000,n/a,3
4.0,median_flips,eps_jit_sd_s,oracle,n/a,n/a,1.000000,n/a,3
4.0,median_flips,eps_jit_sd_s,osc,n/a,n/a,1.000000,n/a,3
4.0,median_flips,eps_jit_sd_s,rand,n/a,n/a,0.666667,0.000000,2
4.0,median_flips,delta_s,all_blocks,n/a,n/a,0.000000,0.000000,0
4.0,median_flips,delta_s,frac,n/a,n/a,1.000000,n/a,2
4.0,median_flips,delta_s,lock,n/a,n/a,1.000000,n/a,2
4.0,median_flips,delta_s,oracle,n/a,n/a,1.000000,n/a,2
4.0,median_flips,delta_s,osc,n/a,n/a,0.500000,0.000000,1
4.0,median_flips,delta_s,rand,n/a,n/a,0.000000,0.000000,0
4.0,median_flips,h_s,all_blocks,0.999120,1.000000,1.000000,1.000000,0
4.0,median_flips,h_s,frac,0.927400,0.866025,0.500000,0.500000,0
4.0,median_flips,h_s,lock,0.990187,1.000000,1.000000,1.000000,0
4.0,median_flips,h_s,oracle,n/a,n/a,0.000000,0.000000,0
4.0,median_flips,h_s,osc,0.912583,1.000000,1.000000,1.000000,0
4.0,median_flips,h_s,rand,0.998754,1.000000,1.000000,1.000000,0
10.0,RMSCD@H,eps_sys_s,all_blocks,0.965090,1.000000,1.000000,1.000000,0
10.0,RMSCD@H,eps_sys_s,frac,0.985246,1.000000,1.000000,1.000000,0
10.0,RMSCD@H,eps_sys_s,lock,0.959329,0.981981,0.833333,0.833333,0
10.0,RMSCD@H,eps_sys_s,oracle,n/a,n/a,0.000000,0.000000,0
10.0,RMSCD@H,eps_sys_s,osc,0.962986,0.981981,0.833333,0.833333,0
10.0,RMSCD@H,eps_sys_s,rand,0.328594,0.392857,0.500000,0.500000,0
10.0,RMSCD@H,eps_jit_sd_s,all_blocks,-0.566253,-0.400000,0.000000,0.000000,0
10.0,RMSCD@H,eps_jit_sd_s,frac,-0.450910,-0.600000,0.333333,0.333333,0
10.0,RMSCD@H,eps_jit_sd_s,lock,-0.660936,-0.400000,0.000000,0.000000,0
10.0,RMSCD@H,eps_jit_sd_s,oracle,n/a,n/a,0.000000,0.000000,0
10.0,RMSCD@H,eps_jit_sd_s,osc,-0.820089,-0.800000,0.000000,0.000000,0
10.0,RMSCD@H,eps_jit_sd_s,rand,0.935734,0.400000,0.666667,0.666667,0
10.0,RMSCD@H,delta_s,all_blocks,0.996518,1.000000,1.000000,1.000000,0
10.0,RMSCD@H,delta_s,frac,0.955456,1.000000,1.000000,1.000000,0
10.0,RMSCD@H,delta_s,lock,0.978304,1.000000,1.000000,1.000000,0
10.0,RMSCD@H,delta_s,oracle,n/a,n/a,0.000000,0.000000,0
10.0,RMSCD@H,delta_s,osc,0.995357,1.000000,1.000000,1.000000,0
10.0,RMSCD@H,delta_s,rand,0.998006,1.000000,1.000000,1.000000,0
10.0,RMSCD@H,h_s,all_blocks,0.993574,1.000000,1.000000,1.000000,0
10.0,RMSCD@H,h_s,frac,0.975014,1.000000,1.000000,1.000000,0
10.0,RMSCD@H,h_s,lock,0.974300,1.000000,1.000000,1.000000,0
10.0,RMSCD@H,h_s,oracle,n/a,n/a,0.000000,0.000000,0
10.0,RMSCD@H,h_s,osc,0.950021,1.000000,1.000000,1.000000,0
10.0,RMSCD@H,h_s,rand,0.999057,1.000000,1.000000,1.000000,0
10.0,S_H@1,eps_sys_s,all_blocks,0.745379,0.821429,0.833333,0.833333,0
10.0,S_H@1,eps_sys_s,frac,0.313646,0.357143,0.666667,0.666667,0
10.0,S_H@1,eps_sys_s,lock,0.740676,0.721688,0.333333,0.333333,0
10.0,S_H@1,eps_sys_s,oracle,n/a,n/a,0.000000,0.000000,0
10.0,S_H@1,eps_sys_s,osc,n/a,n/a,0.000000,0.000000,0
10.0,S_H@1,eps_sys_s,rand,0.661814,0.714286,1.000000,1.000000,0
10.0,S_H@1,eps_jit_sd_s,all_blocks,0.860008,0.800000,0.666667,0.666667,0
10.0,S_H@1,eps_jit_sd_s,frac,0.177913,0.600000,0.666667,0.666667,0
10.0,S_H@1,eps_jit_sd_s,lock,0.840002,0.800000,0.666667,0.666667,0
10.0,S_H@1,eps_jit_sd_s,oracle,n/a,n/a,0.000000,0.000000,0
10.0,S_H@1,eps_jit_sd_s,osc,n/a,n/a,0.000000,0.000000,0
10.0,S_H@1,eps_jit_sd_s,rand,-0.194505,-0.600000,0.333333,0.333333,0
10.0,S_H@1,delta_s,all_blocks,-0.797181,-0.500000,0.500000,0.500000,0
10.0,S_H@1,delta_s,frac,n/a,n/a,0.000000,0.000000,0
10.0,S_H@1,delta_s,lock,n/a,n/a,0.000000,0.000000,0
10.0,S_H@1,delta_s,oracle,n/a,n/a,0.000000,0.000000,0
10.0,S_H@1,delta_s,osc,n/a,n/a,0.000000,0.000000,0
10.0,S_H@1,delta_s,rand,-0.797181,-0.500000,0.500000,0.500000,0
10.0,S_H@1,h_s,all_blocks,0.985692,1.000000,1.000000,1.000000,0
10.0,S_H@1,h_s,frac,0.989567,1.000000,1.000000,1.000000,0
10.0,S_H@1,h_s,lock,n/a,n/a,0.000000,0.000000,0
10.0,S_H@1,h_s,oracle,n/a,n/a,0.000000,0.000000,0
10.0,S_H@1,h_s,osc,n/a,n/a,0.000000,0.000000,0
10.0,S_H@1,h_s,rand,0.985191,1.000000,1.000000,1.000000,0
10.0,S_H@3,eps_sys_s,all_blocks,0.719040,0.821429,0.833333,0.833333,0
10.0,S_H@3,eps_sys_s,frac,0.907398,0.964286,0.833333,0.833333,0
10.0,S_H@3,eps_sys_s,lock,0.717680,0.721688,0.333333,0.333333,0
10.0,S_H@3,eps_sys_s,oracle,n/a,n/a,0.000000,0.000000,0
10.0,S_H@3,eps_sys_s,osc,0.717680,0.721688,0.333333,0.333333,0
10.0,S_H@3,eps_sys_s,rand,0.065898,0.357143,0.666667,0.666667,0
10.0,S_H@3,eps_jit_sd_s,all_blocks,0.025505,0.200000,0.333333,0.333333,0
10.0,S_H@3,eps_jit_sd_s,frac,-0.216267,0.200000,0.333333,0.333333,0
10.0,S_H@3,eps_jit_sd_s,lock,0.010596,0.200000,0.333333,0.333333,0
10.0,S_H@3,eps_jit_sd_s,oracle,n/a,n/a,0.000000,0.000000,0
10.0,S_H@3,eps_jit_sd_s,osc,0.010596,0.200000,0.333333,0.333333,0
10.0,S_H@3,eps_jit_sd_s,rand,0.557751,0.200000,0.333333,0.333333,0
10.0,S_H@3,delta_s,all_blocks,0.951631,1.000000,1.000000,1.000000,0
10.0,S_H@3,delta_s,frac,n/a,n/a,0.000000,0.000000,0
10.0,S_H@3,delta_s,lock,n/a,n/a,0.000000,0.000000,0
10.0,S_H@3,delta_s,oracle,n/a,n/a,0.000000,0.000000,0
10.0,S_H@3,delta_s,osc,n/a,n/a,0.000000,0.000000,0
10.0,S_H@3,delta_s,rand,0.951631,1.000000,1.000000,1.000000,0
10.0,S_H@3,h_s,all_blocks,0.992886,1.000000,1.000000,1.000000,0
10.0,S_H@3,h_s,frac,0.996867,1.000000,1.000000,1.000000,0
10.0,S_H@3,h_s,lock,n/a,n/a,0.000000,0.000000,0
10.0,S_H@3,h_s,oracle,n/a,n/a,0.000000,0.000000,0
10.0,S_H@3,h_s,osc,n/a,n/a,0.000000,0.000000,0
10.0,S_H@3,h_s,rand,0.991958,1.000000,1.000000,1.000000,0
10.0,end_window_macro_acc,eps_sys_s,all_blocks,0.756096,0.642857,0.666667,0.666667,0
10.0,end_window_macro_acc,eps_sys_s,frac,0.740178,0.785714,0.833333,0.833333,0
10.0,end_window_macro_acc,eps_sys_s,lock,n/a,n/a,0.000000,0.000000,0
10.0,end_window_macro_acc,eps_sys_s,oracle,n/a,n/a,0.000000,0.000000,0
10.0,end_window_macro_acc,eps_sys_s,osc,0.764952,0.866025,0.500000,0.500000,0
10.0,end_window_macro_acc,eps_sys_s,rand,0.119462,0.142857,0.666667,0.666667,0
10.0,end_window_macro_acc,eps_jit_sd_s,all_blocks,0.946083,0.800000,0.666667,0.666667,0
10.0,end_window_macro_acc,eps_jit_sd_s,frac,-0.759936,-0.400000,0.333333,0.333333,0
10.0,end_window_macro_acc,eps_jit_sd_s,lock,n/a,n/a,0.000000,0.000000,0
10.0,end_window_macro_acc,eps_jit_sd_s,oracle,n/a,n/a,0.000000,0.000000,0
10.0,end_window_macro_acc,eps_jit_sd_s,osc,0.955414,0.800000,0.666667,0.666667,0
10.0,end_window_macro_acc,eps_jit_sd_s,rand,0.767058,0.600000,0.666667,0.666667,0
10.0,end_window_macro_acc,delta_s,all_blocks,n/a,n/a,0.000000,0.000000,0
10.0,end_window_macro_acc,delta_s,frac,n/a,n/a,0.000000,0.000000,0
10.0,end_window_macro_acc,delta_s,lock,n/a,n/a,0.000000,0.000000,0
10.0,end_window_macro_acc,delta_s,oracle,n/a,n/a,0.000000,0.000000,0
10.0,end_window_macro_acc,delta_s,osc,n/a,n/a,0.000000,0.000000,0
10.0,end_window_macro_acc,delta_s,rand,n/a,n/a,0.000000,0.000000,0
10.0,end_window_macro_acc,h_s,all_blocks,0.999278,1.000000,1.000000,1.000000,0
10.0,end_window_macro_acc,h_s,frac,0.866651,1.000000,1.000000,1.000000,0
10.0,end_window_macro_acc,h_s,lock,0.989005,1.000000,1.000000,1.000000,0
10.0,end_window_macro_acc,h_s,oracle,n/a,n/a,0.000000,0.000000,0
10.0,end_window_macro_acc,h_s,osc,0.930444,0.866025,0.500000,0.500000,0
10.0,end_window_macro_acc,h_s,rand,-0.025693,-0.500000,0.500000,0.500000,0
10.0,median_flips,eps_sys_s,all_blocks,0.712283,0.954169,0.666667,0.666667,0
10.0,median_flips,eps_sys_s,frac,n/a,n/a,0.166667,0.000000,1
10.0,median_flips,eps_sys_s,lock,0.348787,0.617914,0.333333,0.200000,1
10.0,median_flips,eps_sys_s,oracle,n/a,n/a,0.166667,0.000000,1
10.0,median_flips,eps_sys_s,osc,0.748448,0.954169,0.666667,0.666667,0
10.0,median_flips,eps_sys_s,rand,n/a,n/a,0.166667,0.000000,1
10.0,median_flips,eps_jit_sd_s,all_blocks,n/a,n/a,1.000000,n/a,3
10.0,median_flips,eps_jit_sd_s,frac,n/a,n/a,1.000000,n/a,3
10.0,median_flips,eps_jit_sd_s,lock,n/a,n/a,1.000000,n/a,3
10.0,median_flips,eps_jit_sd_s,oracle,n/a,n/a,1.000000,n/a,3
10.0,median_flips,eps_jit_sd_s,osc,n/a,n/a,1.000000,n/a,3
10.0,median_flips,eps_jit_sd_s,rand,n/a,n/a,1.000000,n/a,3
10.0,median_flips,delta_s,all_blocks,0.987534,1.000000,1.000000,1.000000,0
10.0,median_flips,delta_s,frac,n/a,n/a,0.000000,0.000000,0
10.0,median_flips,delta_s,lock,n/a,n/a,0.000000,0.000000,0
10.0,median_flips,delta_s,oracle,n/a,n/a,0.000000,0.000000,0
10.0,median_flips,delta_s,osc,0.944911,0.866025,0.500000,0.500000,0
10.0,median_flips,delta_s,rand,0.933789,1.000000,1.000000,1.000000,0
10.0,median_flips,h_s,all_blocks,0.999120,1.000000,1.000000,1.000000,0
10.0,median_flips,h_s,frac,0.927400,0.866025,0.500000,0.500000,0
10.0,median_flips,h_s,lock,0.990187,1.000000,1.000000,1.000000,0
10.0,median_flips,h_s,oracle,n/a,n/a,0.000000,0.000000,0
10.0,median_flips,h_s,osc,0.912583,1.000000,1.000000,1.000000,0
10.0,median_flips,h_s,rand,0.998754,1.000000,1.000000,1.000000,0
21.5,RMSCD@H,eps_sys_s,all_blocks,-0.678610,0.214286,0.666667,0.666667,0
21.5,RMSCD@H,eps_sys_s,frac,-0.641845,0.214286,0.666667,0.666667,0
21.5,RMSCD@H,eps_sys_s,lock,-0.674764,0.218218,0.666667,0.666667,0
21.5,RMSCD@H,eps_sys_s,oracle,n/a,n/a,0.000000,0.000000,0
21.5,RMSCD@H,eps_sys_s,osc,-0.689677,0.218218,0.666667,0.666667,0
21.5,RMSCD@H,eps_sys_s,rand,-0.208184,0.000000,0.333333,0.333333,0
21.5,RMSCD@H,eps_jit_sd_s,all_blocks,0.777361,1.000000,1.000000,1.000000,0
21.5,RMSCD@H,eps_jit_sd_s,frac,0.874501,0.800000,0.666667,0.666667,0
21.5,RMSCD@H,eps_jit_sd_s,lock,0.678075,1.000000,1.000000,1.000000,0
21.5,RMSCD@H,eps_jit_sd_s,oracle,n/a,n/a,0.000000,0.000000,0
21.5,RMSCD@H,eps_jit_sd_s,osc,0.669042,1.000000,1.000000,1.000000,0
21.5,RMSCD@H,eps_jit_sd_s,rand,-0.279898,-0.800000,0.000000,0.000000,0
21.5,RMSCD@H,delta_s,all_blocks,0.966700,1.000000,1.000000,1.000000,0
21.5,RMSCD@H,delta_s,frac,-0.447260,-0.500000,0.500000,0.500000,0
21.5,RMSCD@H,delta_s,lock,0.964646,1.000000,1.000000,1.000000,0
21.5,RMSCD@H,delta_s,oracle,n/a,n/a,0.000000,0.000000,0
21.5,RMSCD@H,delta_s,osc,0.840937,1.000000,1.000000,1.000000,0
21.5,RMSCD@H,delta_s,rand,0.973315,1.000000,1.000000,1.000000,0
21.5,RMSCD@H,h_s,all_blocks,0.993574,1.000000,1.000000,1.000000,0
21.5,RMSCD@H,h_s,frac,0.975014,1.000000,1.000000,1.000000,0
21.5,RMSCD@H,h_s,lock,0.974300,1.000000,1.000000,1.000000,0
21.5,RMSCD@H,h_s,oracle,n/a,n/a,0.000000,0.000000,0
21.5,RMSCD@H,h_s,osc,0.950021,1.000000,1.000000,1.000000,0
21.5,RMSCD@H,h_s,rand,0.999057,1.000000,1.000000,1.000000,0
21.5,S_H@1,eps_sys_s,all_blocks,-0.289994,0.285714,0.666667,0.666667,0
21.5,S_H@1,eps_sys_s,frac,n/a,n/a,0.000000,0.000000,0
21.5,S_H@1,eps_sys_s,lock,-0.294572,0.288675,0.500000,0.500000,0
21.5,S_H@1,eps_sys_s,oracle,n/a,n/a,0.000000,0.000000,0
21.5,S_H@1,eps_sys_s,osc,n/a,n/a,0.000000,0.000000,0
21.5,S_H@1,eps_sys_s,rand,0.320584,-0.142857,0.166667,0.166667,0
21.5,S_H@1,eps_jit_sd_s,all_blocks,0.791321,1.000000,1.000000,1.000000,0
21.5,S_H@1,eps_jit_sd_s,frac,n/a,n/a,0.000000,0.000000,0
21.5,S_H@1,eps_jit_sd_s,lock,0.775993,1.000000,1.000000,1.000000,0
21.5,S_H@1,eps_jit_sd_s,oracle,n/a,n/a,0.000000,0.000000,0
21.5,S_H@1,eps_jit_sd_s,osc,n/a,n/a,0.000000,0.000000,0
21.5,S_H@1,eps_jit_sd_s,rand,-0.084338,-0.800000,0.000000,0.000000,0
21.5,S_H@1,delta_s,all_blocks,-0.073295,0.500000,0.500000,0.500000,0
21.5,S_H@1,delta_s,frac,n/a,n/a,0.000000,0.000000,0
21.5,S_H@1,delta_s,lock,n/a,n/a,0.000000,0.000000,0
21.5,S_H@1,delta_s,oracle,n/a,n/a,0.000000,0.000000,0
21.5,S_H@1,delta_s,osc,n/a,n/a,0.000000,0.000000,0
21.5,S_H@1,delta_s,rand,-0.073295,0.500000,0.500000,0.500000,0
21.5,S_H@1,h_s,all_blocks,0.985692,1.000000,1.000000,1.000000,0
21.5,S_H@1,h_s,frac,0.989567,1.000000,1.000000,1.000000,0
21.5,S_H@1,h_s,lock,n/a,n/a,0.000000,0.000000,0
21.5,S_H@1,h_s,oracle,n/a,n/a,0.000000,0.000000,0
21.5,S_H@1,h_s,osc,n/a,n/a,0.000000,0.000000,0
21.5,S_H@1,h_s,rand,0.985191,1.000000,1.000000,1.000000,0
21.5,S_H@3,eps_sys_s,all_blocks,-0.336454,0.500000,0.833333,0.833333,0
21.5,S_H@3,eps_sys_s,frac,n/a,n/a,0.000000,0.000000,0
21.5,S_H@3,eps_sys_s,lock,-0.338266,0.288675,0.500000,0.500000,0
21.5,S_H@3,eps_sys_s,oracle,n/a,n/a,0.000000,0.000000,0
21.5,S_H@3,eps_sys_s,osc,-0.338266,0.288675,0.500000,0.500000,0
21.5,S_H@3,eps_sys_s,rand,0.292204,0.464286,0.500000,0.500000,0
21.5,S_H@3,eps_jit_sd_s,all_blocks,0.759414,1.000000,1.000000,1.000000,0
21.5,S_H@3,eps_jit_sd_s,frac,n/a,n/a,0.000000,0.000000,0
21.5,S_H@3,eps_jit_sd_s,lock,0.754276,1.000000,1.000000,1.000000,0
21.5,S_H@3,eps_jit_sd_s,oracle,n/a,n/a,0.000000,0.000000,0
21.5,S_H@3,eps_jit_sd_s,osc,0.754276,1.000000,1.000000,1.000000,0
21.5,S_H@3,eps_jit_sd_s,rand,-0.218273,-0.800000,0.000000,0.000000,0
21.5,S_H@3,delta_s,all_blocks,0.956616,1.000000,1.000000,1.000000,0
21.5,S_H@3,delta_s,frac,n/a,n/a,0.000000,0.000000,0
21.5,S_H@3,delta_s,lock,n/a,n/a,0.000000,0.000000,0
21.5,S_H@3,delta_s,oracle,n/a,n/a,0.000000,0.000000,0
21.5,S_H@3,delta_s,osc,n/a,n/a,0.000000,0.000000,0
21.5,S_H@3,delta_s,rand,0.956616,1.000000,1.000000,1.000000,0
21.5,S_H@3,h_s,all_blocks,0.992886,1.000000,1.000000,1.000000,0
21.5,S_H@3,h_s,frac,0.996867,1.000000,1.000000,1.000000,0
21.5,S_H@3,h_s,lock,n/a,n/a,0.000000,0.000000,0
21.5,S_H@3,h_s,oracle,n/a,n/a,0.000000,0.000000,0
21.5,S_H@3,h_s,osc,n/a,n/a,0.000000,0.000000,0
21.5,S_H@3,h_s,rand,0.991958,1.000000,1.000000,1.000000,0
21.5,end_window_macro_acc,eps_sys_s,all_blocks,-0.338070,-0.321429,0.000000,0.000000,0
21.5,end_window_macro_acc,eps_sys_s,frac,0.686156,-0.142857,0.500000,0.500000,0
21.5,end_window_macro_acc,eps_sys_s,lock,n/a,n/a,0.000000,0.000000,0
21.5,end_window_macro_acc,eps_sys_s,oracle,n/a,n/a,0.000000,0.000000,0
21.5,end_window_macro_acc,eps_sys_s,osc,n/a,n/a,0.000000,0.000000,0
21.5,end_window_macro_acc,eps_sys_s,rand,-0.341365,-0.321429,0.000000,0.000000,0
21.5,end_window_macro_acc,eps_jit_sd_s,all_blocks,-0.500271,-0.600000,0.333333,0.333333,0
21.5,end_window_macro_acc,eps_jit_sd_s,frac,-0.390118,-0.800000,0.000000,0.000000,0
21.5,end_window_macro_acc,eps_jit_sd_s,lock,n/a,n/a,0.000000,0.000000,0
21.5,end_window_macro_acc,eps_jit_sd_s,oracle,n/a,n/a,0.000000,0.000000,0
21.5,end_window_macro_acc,eps_jit_sd_s,osc,n/a,n/a,0.000000,0.000000,0
21.5,end_window_macro_acc,eps_jit_sd_s,rand,-0.500293,-0.600000,0.333333,0.333333,0
21.5,end_window_macro_acc,delta_s,all_blocks,-0.979528,-0.866025,0.000000,0.000000,0
21.5,end_window_macro_acc,delta_s,frac,n/a,n/a,0.000000,0.000000,0
21.5,end_window_macro_acc,delta_s,lock,n/a,n/a,0.000000,0.000000,0
21.5,end_window_macro_acc,delta_s,oracle,n/a,n/a,0.000000,0.000000,0
21.5,end_window_macro_acc,delta_s,osc,n/a,n/a,0.000000,0.000000,0
21.5,end_window_macro_acc,delta_s,rand,-0.979528,-0.866025,0.000000,0.000000,0
21.5,end_window_macro_acc,h_s,all_blocks,0.999278,1.000000,1.000000,1.000000,0
21.5,end_window_macro_acc,h_s,frac,0.866651,1.000000,1.000000,1.000000,0
21.5,end_window_macro_acc,h_s,lock,0.989005,1.000000,1.000000,1.000000,0
21.5,end_window_macro_acc,h_s,oracle,n/a,n/a,0.000000,0.000000,0
21.5,end_window_macro_acc,h_s,osc,0.930444,0.866025,0.500000,0.500000,0
21.5,end_window_macro_acc,h_s,rand,-0.025693,-0.500000,0.000000,0.000000,0
21.5,median_flips,eps_sys_s,all_blocks,-0.398817,0.145479,0.500000,0.500000,0
21.5,median_flips,eps_sys_s,frac,n/a,n/a,0.000000,0.000000,0
21.5,median_flips,eps_sys_s,lock,-0.874963,-0.612372,0.000000,0.000000,0
21.5,median_flips,eps_sys_s,oracle,n/a,n/a,0.000000,0.000000,0
21.5,median_flips,eps_sys_s,osc,-0.310662,0.145479,0.500000,0.500000,0
21.5,median_flips,eps_sys_s,rand,n/a,n/a,0.000000,0.000000,0
21.5,median_flips,eps_jit_sd_s,all_blocks,n/a,n/a,0.000000,0.000000,0
21.5,median_flips,eps_jit_sd_s,frac,n/a,n/a,0.000000,0.000000,0
21.5,median_flips,eps_jit_sd_s,lock,n/a,n/a,0.000000,0.000000,0
21.5,median_flips,eps_jit_sd_s,oracle,n/a,n/a,0.000000,0.000000,0
21.5,median_flips,eps_jit_sd_s,osc,n/a,n/a,0.000000,0.000000,0
21.5,median_flips,eps_jit_sd_s,rand,n/a,n/a,0.000000,0.000000,0
21.5,median_flips,delta_s,all_blocks,0.995494,1.000000,1.000000,1.000000,0
21.5,median_flips,delta_s,frac,n/a,n/a,0.000000,0.000000,0
21.5,median_flips,delta_s,lock,n/a,n/a,0.000000,0.000000,0
21.5,median_flips,delta_s,oracle,n/a,n/a,0.000000,0.000000,0
21.5,median_flips,delta_s,osc,0.878300,0.866025,0.500000,0.500000,0
21.5,median_flips,delta_s,rand,0.978325,1.000000,1.000000,1.000000,0
21.5,median_flips,h_s,all_blocks,0.999120,1.000000,1.000000,1.000000,0
21.5,median_flips,h_s,frac,0.927400,0.866025,1.000000,1.000000,0
21.5,median_flips,h_s,lock,0.990187,1.000000,1.000000,1.000000,0
21.5,median_flips,h_s,oracle,n/a,n/a,0.000000,0.000000,0
21.5,median_flips,h_s,osc,0.912583,1.000000,1.000000,1.000000,0
21.5,median_flips,h_s,rand,0.998754,1.000000,1.000000,1.000000,0
