H,Metric,T_b,SD at 0,SD at .1,SD at .25,SD at .5
4.0,RMSCD@H,1.000000,0.000000,0.003068,0.005449,0.009387
4.0,S_H@1,1.000000,0.000000,0.000882,0.005107,0.009900
4.0,S_H@3,1.000000,0.000000,0.000923,0.001808,0.002814
4.0,end_window_macro_acc,1.000000,0.000000,0.000859,0.002001,0.002789
4.0,median_flips,n/a,0.000000,0.000000,0.000000,0.000000
10.0,RMSCD@H,1.000000,0.000000,0.005851,0.010844,0.017648
10.0,S_H@1,1.000000,0.000000,0.000708,0.004852,0.009072
10.0,S_H@3,1.000000,0.000000,0.000733,0.001455,0.002018
10.0,end_window_macro_acc,1.000000,0.000000,0.000916,0.013264,0.026621
10.0,median_flips,n/a,0.000000,0.000000,0.000000,0.000000
21.5,RMSCD@H,1.000000,0.000000,0.025724,0.061648,0.202389
21.5,S_H@1,1.000000,0.000000,0.001403,0.006218,0.015694
21.5,S_H@3,1.000000,0.000000,0.001333,0.003184,0.011329
21.5,end_window_macro_acc,1.000000,0.000000,0.001090,0.003532,0.010557
21.5,median_flips,0.800000,0.000000,0.108782,0.086051,0.213596
