H,Metric,Neighbor points,P reversal events,P unique pairs,P new ties,Nontrivial events,All-pair events
4.0,RMSCD@H,36,2487,319,4,2294,33405
4.0,S_H@1,36,1477,198,323,1466,27762
4.0,S_H@3,36,2221,232,96,2191,40162
4.0,end_window_macro_acc,36,17510,1264,65,17150,39666
4.0,median_flips,36,89,38,2299,89,89
10.0,RMSCD@H,54,6457,524,306,6443,63351
10.0,S_H@1,54,2582,296,552,2565,44894
10.0,S_H@3,54,5510,528,269,5489,58400
10.0,end_window_macro_acc,54,8390,416,285,8033,71795
10.0,median_flips,54,1522,184,32796,1522,1902
21.5,RMSCD@H,36,3564,318,17,3514,34942
21.5,S_H@1,36,1172,131,355,1172,22749
21.5,S_H@3,36,925,146,74,925,23164
21.5,end_window_macro_acc,36,723,333,12,672,37124
21.5,median_flips,36,2241,331,21434,2241,3713
