pi_hash,eps_sys_s,eps_jit_sd_s,delta_s,h_s,in_plaus,metric,n_pairs,R_M,in_region
0121879837c3,0.0,0.0,1.0,21.5,True,RMSCD@H,8383,0.9726828104497197,True
03d090a5dc08,-0.25,0.25,0.5,4.0,True,RMSCD@H,8383,0.9911726112370273,True
0b0d364bf233,0.25,0.25,1.0,4.0,True,RMSCD@H,8383,0.9862817607061911,True
0eff6e9549cd,0.25,0.25,0.5,10.0,True,RMSCD@H,8383,1.0,True
133702c46ad7,-0.25,0.0,0.25,10.0,True,RMSCD@H,8383,0.9967791959918884,True
151c41269d06,0.0,0.0,1.0,4.0,True,RMSCD@H,8383,0.9842538470714541,True
172db69d5480,0.0,0.25,0.5,21.5,True,RMSCD@H,8383,0.9649290230227842,True
182448419e3b,0.0,0.0,0.25,10.0,True,RMSCD@H,8383,1.0,True
220709244078,-0.25,0.0,0.25,21.5,True,RMSCD@H,8383,0.9581295478945485,True
2435348c1cdf,0.25,0.0,0.25,4.0,True,RMSCD@H,8383,0.9964213288798759,True
28f7f3f35f89,-0.25,0.25,0.25,21.5,True,RMSCD@H,8383,0.958248836931886,True
34b6e20493e5,0.25,0.0,1.0,4.0,True,RMSCD@H,8383,0.9835381128474293,True
3fb251dc210c,0.0,0.0,0.5,21.5,True,RMSCD@H,8383,0.9657640462841465,True
41605e5e408c,0.0,0.25,0.5,10.0,True,RMSCD@H,8383,1.0,True
4521d53594d6,0.0,0.25,1.0,4.0,True,RMSCD@H,8383,0.9842538470714541,True
4a269635cbcc,0.25,0.25,0.5,4.0,True,RMSCD@H,8383,0.9939162590957891,True
4a38f2e3901f,0.25,0.0,0.25,10.0,True,RMSCD@H,8383,0.9998807109626625,True
4d2294567bd2,0.0,0.25,0.5,4.0,True,RMSCD@H,8383,0.9930812358344269,True
511d60692f88,-0.25,0.25,0.25,10.0,True,RMSCD@H,8383,0.9986878205892878,True
5f92b22d2c1e,0.25,0.0,0.5,4.0,True,RMSCD@H,8383,0.9924847906477394,True
66b9f0cb13c6,0.25,0.0,0.25,21.5,True,RMSCD@H,8383,0.9556244781104617,True
677d703df5d5,0.25,0.25,0.5,21.5,True,RMSCD@H,8383,0.9593224382679232,True
68461b93f4a0,-0.25,0.25,1.0,21.5,True,RMSCD@H,8383,0.9729213885243946,True
69383b4587e4,0.25,0.0,1.0,21.5,True,RMSCD@H,8383,0.9728020994870571,True
6ec9f13cb65f,0.25,0.25,0.25,10.0,True,RMSCD@H,8383,0.9998807109626625,True
70879083bae9,-0.25,0.25,1.0,10.0,True,RMSCD@H,8383,0.999761421925325,True
71a6f9880de2,0.0,0.25,0.25,4.0,True,RMSCD@H,8383,0.9954670165811762,True
71af34ff8be8,0.25,0.25,1.0,21.5,True,RMSCD@H,8383,0.9714899200763449,True
77200b351bf1,0.0,0.0,0.5,4.0,True,RMSCD@H,8383,0.9930812358344269,True
83e3d4eb89a1,0.25,0.25,0.25,4.0,True,RMSCD@H,8383,0.9963020398425385,True
88362158937a,0.0,0.0,1.0,10.0,True,RMSCD@H,8383,0.999761421925325,True
89b99c553a9f,0.0,0.25,1.0,10.0,True,RMSCD@H,8383,0.999761421925325,True
8ac32aae418b,0.0,0.0,0.5,10.0,True,RMSCD@H,8383,1.0,True
937160975d6b,-0.25,0.25,0.5,21.5,True,RMSCD@H,8383,0.9660026243588214,True
94280f91a3e9,0.25,0.0,1.0,10.0,True,RMSCD@H,8383,0.999761421925325,True
a427b13490e4,0.25,0.0,0.5,10.0,True,RMSCD@H,8383,1.0,True
ad69d989192c,-0.25,0.0,0.5,10.0,True,RMSCD@H,8383,1.0,True
b3285b8de5f3,0.25,0.25,1.0,10.0,True,RMSCD@H,8383,0.9998807109626625,True
b74f173ccb2d,0.0,0.25,0.25,10.0,True,RMSCD@H,8383,1.0,True
b848f2c6d710,-0.25,0.0,0.5,4.0,True,RMSCD@H,8383,0.9905761660503399,True
bc1dd4a57c13,0.0,0.0,0.25,21.5,True,RMSCD@H,8383,0.9564595013718239,True
cac4de51b13c,-0.25,0.25,0.25,4.0,True,RMSCD@H,8383,0.994393415245139,True
cc330c63782c,-0.25,0.25,1.0,4.0,True,RMSCD@H,8383,0.982941667660742,True
d0bd418161a0,-0.25,0.0,0.5,21.5,True,RMSCD@H,8383,0.9662412024334963,True
d5f16bb9d4fb,0.0,0.25,0.25,21.5,True,RMSCD@H,8383,0.9571752355958487,True
d6bf1db18c27,-0.25,0.0,0.25,4.0,True,RMSCD@H,8383,0.994393415245139,True
da7e75b5514a,0.0,0.0,0.25,4.0,True,RMSCD@H,8383,0.9952284385065012,True
dcbcc4675589,-0.25,0.0,1.0,4.0,True,RMSCD@H,8383,0.9843731361087916,True
e5ee93f72bc8,0.25,0.0,0.5,21.5,True,RMSCD@H,8383,0.9631396874627222,True
ed86a4b9f036,-0.25,0.0,1.0,10.0,True,RMSCD@H,8383,0.999761421925325,True
ed9fa9ca2b82,-0.25,0.25,0.5,10.0,True,RMSCD@H,8383,1.0,True
f8bf91688e54,0.0,0.25,1.0,21.5,True,RMSCD@H,8383,0.9723249433377072,True
fc0760aa04d7,-0.25,0.0,1.0,21.5,True,RMSCD@H,8383,0.9724442323750447,True
fe07787eed6f,0.25,0.25,0.25,21.5,True,RMSCD@H,8383,0.9566980794464989,True
